<?xml version="1.0"?>
<COLLADA xmlns="http://www.collada.org/2005/11/COLLADASchema" version="1.4.1">
  <asset>
    <contributor>
      <author>Assimp</author>
      <authoring_tool>Assimp Exporter</authoring_tool>
    </contributor>
    <created>2019-03-15T18:15:55</created>
    <modified>2019-03-15T18:15:55</modified>
    <unit name="meter" meter="0.01" />
    <up_axis>Y_UP</up_axis>
  </asset>
  <library_effects>
    <effect id="Stool_legs-fx" name="Stool_legs">
      <profile_COMMON>
        <technique sid="standard">
          <phong>
            <diffuse>
              <color sid="diffuse">0.5   0.5   0.5   1</color>
            </diffuse>
          </phong>
        </technique>
      </profile_COMMON>
    </effect>
    <effect id="Stool_supports-fx" name="Stool_supports">
      <profile_COMMON>
        <technique sid="standard">
          <phong>
            <diffuse>
              <color sid="diffuse">0.5   0.5   0.5   1</color>
            </diffuse>
          </phong>
        </technique>
      </profile_COMMON>
    </effect>
    <effect id="Stool_top-fx" name="Stool_top">
      <profile_COMMON>
        <technique sid="standard">
          <phong>
            <diffuse>
              <color sid="diffuse">0.5   0.5   0.5   1</color>
            </diffuse>
          </phong>
        </technique>
      </profile_COMMON>
    </effect>
  </library_effects>
  <library_materials>
    <material id="Stool_legs" name="Stool_legs">
      <instance_effect url="#Stool_legs-fx"/>
    </material>
    <material id="Stool_supports" name="Stool_supports">
      <instance_effect url="#Stool_supports-fx"/>
    </material>
    <material id="Stool_top" name="Stool_top">
      <instance_effect url="#Stool_top-fx"/>
    </material>
  </library_materials>
  <library_geometries>
    <geometry id="meshId0" name="meshId0_name" >
      <mesh>
        <source id="meshId0-positions" name="meshId0-positions">
          <float_array id="meshId0-positions-array" count="1152"> -0.410532 -0.996826 -0.448713 -0.553359 -0.996814 -0.448864 -0.410702 -1 -0.456753 -0.553542 -1 -0.457282 -0.40997 -0.988977 -0.444847 -0.552697 -0.988928 -0.444842 -0.410532 -0.996826 -0.448713 -0.553359 -0.996814 -0.448864 -0.402681 -0.996817 -0.456579 -0.402841 -0.985604 -0.555781 -0.398852 -0.988959 -0.45598 -0.398847 -0.977708 -0.555087 -0.411261 -0.988799 -0.555981 -0.402681 -0.996817 -0.456579 -0.402841 -0.985604 -0.555781 -0.402109 -0.98897 -0.448108 -0.231693 0.839157 -0.255185 -0.223771 0.839164 -0.258463 -0.22049 0.839167 -0.266375 -0.402109 -0.98897 -0.448108 -0.223771 0.839164 -0.258463 -0.410528 -0.977177 -0.566225 -0.411117 -0.985316 -0.563629 -0.552141 -0.977229 -0.56623 -0.552769 -0.985331 -0.563473 -0.411117 -0.985316 -0.563629 -0.552769 -0.985331 -0.563473 -0.552983 -0.988799 -0.555452 -0.402268 -0.977441 -0.562963 -0.223619 0.839381 -0.357646 -0.220494 0.83912 -0.349732 -0.231162 0.839646 -0.360924 -0.402268 -0.977441 -0.562963 -0.223619 0.839381 -0.357646 -0.231129 0.846939 -0.257866 -0.356399 0.846925 -0.257717 -0.357003 0.839109 -0.25519 -0.230935 0.850264 -0.265572 -0.356253 0.850264 -0.265068 -0.231129 0.846939 -0.257866 -0.356399 0.846925 -0.257717 -0.223208 0.846946 -0.265771 -0.230403 0.850264 -0.348943 -0.22305 0.846931 -0.349102 -0.223208 0.846946 -0.265771 -0.22305 0.846931 -0.349102 -0.230564 0.847213 -0.357028 -0.356786 0.850264 -0.349446 -0.356959 0.847224 -0.357172 -0.230564 0.847213 -0.357028 -0.356959 0.847224 -0.357172 -0.357533 0.839696 -0.360919 -0.364927 0.839366 -0.258319 -0.560561 -0.988656 -0.448259 -0.364927 0.839366 -0.258319 -0.368209 0.839628 -0.265873 -0.560561 -0.988656 -0.448259 -0.563818 -0.988389 -0.456507 -0.364341 0.847204 -0.265246 -0.364493 0.847215 -0.349623 -0.368204 0.839678 -0.350233 -0.364341 0.847204 -0.265246 -0.364493 0.847215 -0.349623 -0.365078 0.839689 -0.357789 -0.563823 -0.97724 -0.554561 -0.560402 -0.977237 -0.562812 -0.365078 0.839689 -0.357789 -0.560402 -0.977237 -0.562812 -0.561192 -0.996524 -0.457125 -0.561027 -0.985338 -0.555231 -0.561192 -0.996524 -0.457125 -0.561027 -0.985338 -0.555231 -0.438167 -0.992399 0.410534 -0.438319 -0.992387 0.553358 -0.446207 -0.995573 0.410702 -0.446736 -0.995573 0.553542 -0.434301 -0.98455 0.409971 -0.434296 -0.984501 0.552698 -0.438167 -0.992399 0.410534 -0.438319 -0.992387 0.553358 -0.445434 -0.984532 0.398852 -0.446034 -0.99239 0.402681 -0.555087 -0.984483 0.398848 -0.555781 -0.992378 0.402841 -0.446034 -0.99239 0.402681 -0.555781 -0.992378 0.402841 -0.555981 -0.995573 0.411261 -0.437562 -0.984543 0.402109 -0.245053 0.839157 0.231693 -0.24833 0.839164 0.223771 -0.256243 0.839167 0.22049 -0.437562 -0.984543 0.402109 -0.24833 0.839164 0.223771 -0.566225 -0.983951 0.410528 -0.563629 -0.99209 0.411116 -0.56623 -0.984003 0.552141 -0.563473 -0.992105 0.552771 -0.563629 -0.99209 0.411116 -0.563473 -0.992105 0.552771 -0.555452 -0.995573 0.552983 -0.562963 -0.984215 0.402269 -0.357646 0.839381 0.223619 -0.349732 0.83912 0.220495 -0.360924 0.839646 0.231162 -0.562963 -0.984215 0.402269 -0.357646 0.839381 0.223619 -0.247733 0.846939 0.231128 -0.247584 0.846925 0.356401 -0.245057 0.839109 0.357003 -0.255439 0.850264 0.230936 -0.254935 0.850264 0.356254 -0.247733 0.846939 0.231128 -0.247584 0.846925 0.356401 -0.255639 0.846946 0.223208 -0.348943 0.850264 0.230403 -0.349102 0.846931 0.223051 -0.255639 0.846946 0.223208 -0.349102 0.846931 0.223051 -0.357028 0.847213 0.230566 -0.349447 0.850264 0.356786 -0.357172 0.847224 0.356958 -0.357028 0.847213 0.230566 -0.357172 0.847224 0.356958 -0.360919 0.839696 0.357533 -0.248186 0.839366 0.364927 -0.437713 -0.984229 0.560561 -0.248186 0.839366 0.364927 -0.255741 0.839628 0.368209 -0.437713 -0.984229 0.560561 -0.445961 -0.983962 0.563819 -0.255113 0.847204 0.364341 -0.349623 0.847215 0.364493 -0.350233 0.839678 0.368205 -0.255113 0.847204 0.364341 -0.349623 0.847215 0.364493 -0.357789 0.839689 0.365079 -0.554561 -0.984014 0.563824 -0.562813 -0.984011 0.560402 -0.357789 0.839689 0.365079 -0.562813 -0.984011 0.560402 -0.446579 -0.992097 0.561193 -0.555231 -0.992112 0.561027 -0.446579 -0.992097 0.561193 -0.555231 -0.992112 0.561027 0.432479 -0.992399 -0.410534 0.43263 -0.992387 -0.553357 0.440518 -0.995573 -0.410702 0.441048 -0.995573 -0.553542 0.428613 -0.98455 -0.40997 0.428608 -0.984501 -0.552697 0.432479 -0.992399 -0.410534 0.43263 -0.992387 -0.553357 0.439746 -0.984532 -0.398852 0.440345 -0.99239 -0.402681 0.555088 -0.984483 -0.398847 0.555781 -0.992378 -0.402841 0.440345 -0.99239 -0.402681 0.555781 -0.992378 -0.402841 0.555981 -0.995573 -0.411261 0.431874 -0.984543 -0.402108 0.239587 0.839157 -0.231693 0.242864 0.839164 -0.223771 0.250777 0.839167 -0.22049 0.431874 -0.984543 -0.402108 0.242864 0.839164 -0.223771 0.566225 -0.983951 -0.410527 0.56363 -0.99209 -0.411115 0.566231 -0.984003 -0.552141 0.563473 -0.992105 -0.552771 0.56363 -0.99209 -0.411115 0.563473 -0.992105 -0.552771 0.555452 -0.995573 -0.552983 0.562963 -0.984215 -0.402268 0.357647 0.839381 -0.223619 0.349733 0.83912 -0.220494 0.360925 0.839646 -0.231162 0.562963 -0.984215 -0.402268 0.357647 0.839381 -0.223619 0.242268 0.846939 -0.231127 0.242119 0.846925 -0.356401 0.239592 0.839109 -0.357003 0.249974 0.850264 -0.230935 0.24947 0.850264 -0.356253 0.242268 0.846939 -0.231127 0.242119 0.846925 -0.356401 0.250173 0.846946 -0.223208 0.348943 0.850264 -0.230403 0.349102 0.846931 -0.22305 0.250173 0.846946 -0.223208 0.349102 0.846931 -0.22305 0.357029 0.847213 -0.230566 0.349447 0.850264 -0.356786 0.357172 0.847224 -0.356957 0.357029 0.847213 -0.230566 0.357172 0.847224 -0.356957 0.36092 0.839696 -0.357532 0.242721 0.839366 -0.364927 0.432024 -0.984229 -0.560561 0.242721 0.839366 -0.364927 0.250275 0.839628 -0.368209 0.432024 -0.984229 -0.560561 0.440273 -0.983962 -0.563818 0.249648 0.847204 -0.364341 0.349623 0.847215 -0.364493 0.350234 0.839678 -0.368204 0.249648 0.847204 -0.364341 0.349623 0.847215 -0.364493 0.35779 0.839689 -0.365078 0.554562 -0.984014 -0.563823 0.562813 -0.984011 -0.560402 0.35779 0.839689 -0.365078 0.562813 -0.984011 -0.560402 0.440891 -0.992097 -0.561192 0.555231 -0.992112 -0.561027 0.440891 -0.992097 -0.561192 0.555231 -0.992112 -0.561027 0.410531 -0.993674 0.457404 0.553361 -0.993662 0.457555 0.410702 -0.996848 0.465443 0.553542 -0.996848 0.465973 0.409971 -0.985825 0.453538 0.552697 -0.985775 0.453533 0.410531 -0.993674 0.457404 0.553361 -0.993662 0.457555 0.405444 -0.985807 0.464671 0.402681 -0.993665 0.46527 0.398848 -0.978904 0.555088 0.402841 -0.986799 0.555782 0.402681 -0.993665 0.46527 0.402841 -0.986799 0.555782 0.411261 -0.989994 0.555981 0.402109 -0.985818 0.456798 0.231693 0.839157 0.263536 0.223771 0.839164 0.266813 0.22049 0.839167 0.274725 0.402109 -0.985818 0.456798 0.223771 0.839164 0.266813 0.410528 -0.978372 0.566225 0.411118 -0.986511 0.56363 0.552141 -0.978424 0.566231 0.552768 -0.986526 0.563473 0.411118 -0.986511 0.56363 0.552768 -0.986526 0.563473 0.552983 -0.989994 0.555452 0.402269 -0.978635 0.562963 0.223619 0.839381 0.357647 0.220495 0.83912 0.349733 0.231162 0.839646 0.360925 0.402269 -0.978635 0.562963 0.223619 0.839381 0.357647 0.231131 0.846939 0.266216 0.356398 0.846925 0.266067 0.357003 0.839109 0.26354 0.230936 0.850264 0.273922 0.356254 0.850264 0.273418 0.231131 0.846939 0.266216 0.356398 0.846925 0.266067 0.223208 0.846946 0.274122 0.230403 0.850264 0.348943 0.223051 0.846931 0.349102 0.223208 0.846946 0.274122 0.223051 0.846931 0.349102 0.230563 0.847213 0.357029 0.356786 0.850264 0.349447 0.356961 0.847224 0.357172 0.230563 0.847213 0.357029 0.356961 0.847224 0.357172 0.357533 0.839696 0.36092 0.364927 0.839366 0.266669 0.560561 -0.985504 0.456949 0.364927 0.839366 0.266669 0.368209 0.839628 0.274223 0.560561 -0.985504 0.456949 0.563819 -0.985237 0.465198 0.364341 0.847204 0.273596 0.364493 0.847215 0.349623 0.368204 0.839678 0.350234 0.364341 0.847204 0.273596 0.364493 0.847215 0.349623 0.365079 0.839689 0.35779 0.563824 -0.978435 0.554562 0.560402 -0.978432 0.562813 0.365079 0.839689 0.35779 0.560402 -0.978432 0.562813 0.561193 -0.993371 0.465816 0.561027 -0.986533 0.555231 0.561193 -0.993371 0.465816 0.561027 -0.986533 0.555231 -0.404035 -0.995404 -0.450066 -0.404035 -0.995404 -0.450066 -0.404035 -0.995404 -0.450066 -0.404277 -0.98398 -0.562082 -0.404277 -0.98398 -0.562082 -0.404277 -0.98398 -0.562082 -0.224758 0.845482 -0.259417 -0.224758 0.845482 -0.259417 -0.224758 0.845482 -0.259417 -0.224519 0.845656 -0.355663 -0.224519 0.845656 -0.355663 -0.224519 0.845656 -0.355663 -0.362968 0.845646 -0.259195 -0.362968 0.845646 -0.259195 -0.362968 0.845646 -0.259195 -0.363199 0.845861 -0.355879 -0.363199 0.845861 -0.355879 -0.363199 0.845861 -0.355879 -0.559655 -0.995192 -0.450292 -0.559655 -0.995192 -0.450292 -0.559655 -0.995192 -0.450292 -0.559405 -0.983811 -0.561849 -0.559405 -0.983811 -0.561849 -0.559405 -0.983811 -0.561849 -0.43952 -0.990977 0.404036 -0.43952 -0.990977 0.404036 -0.43952 -0.990977 0.404036 -0.562082 -0.990754 0.404277 -0.562082 -0.990754 0.404277 -0.562082 -0.990754 0.404277 -0.249285 0.845482 0.224757 -0.249285 0.845482 0.224757 -0.249285 0.845482 0.224757 -0.355663 0.845656 0.22452 -0.355663 0.845656 0.22452 -0.355663 0.845656 0.22452 -0.249062 0.845646 0.362969 -0.249062 0.845646 0.362969 -0.249062 0.845646 0.362969 -0.355879 0.845861 0.363199 -0.355879 0.845861 0.363199 -0.355879 0.845861 0.363199 -0.439746 -0.990765 0.559655 -0.439746 -0.990765 0.559655 -0.439746 -0.990765 0.559655 -0.561849 -0.990586 0.559406 -0.561849 -0.990586 0.559406 -0.561849 -0.990586 0.559406 0.433832 -0.990977 -0.404036 0.433832 -0.990977 -0.404036 0.433832 -0.990977 -0.404036 0.562083 -0.990754 -0.404277 0.562083 -0.990754 -0.404277 0.562083 -0.990754 -0.404277 0.243819 0.845482 -0.224757 0.243819 0.845482 -0.224757 0.243819 0.845482 -0.224757 0.355664 0.845656 -0.224519 0.355664 0.845656 -0.224519 0.355664 0.845656 -0.224519 0.243596 0.845646 -0.362968 0.243596 0.845646 -0.362968 0.243596 0.845646 -0.362968 0.355879 0.845861 -0.363198 0.355879 0.845861 -0.363198 0.355879 0.845861 -0.363198 0.434058 -0.990765 -0.559654 0.434058 -0.990765 -0.559654 0.434058 -0.990765 -0.559654 0.56185 -0.990586 -0.559406 0.56185 -0.990586 -0.559406 0.56185 -0.990586 -0.559406 0.404035 -0.992252 0.458757 0.404035 -0.992252 0.458757 0.404035 -0.992252 0.458757 0.404278 -0.985175 0.562083 0.404278 -0.985175 0.562083 0.404278 -0.985175 0.562083 0.224759 0.845482 0.267767 0.224759 0.845482 0.267767 0.224759 0.845482 0.267767 0.224518 0.845656 0.355664 0.224518 0.845656 0.355664 0.224518 0.845656 0.355664 0.362967 0.845646 0.267545 0.362967 0.845646 0.267545 0.362967 0.845646 0.267545 0.3632 0.845861 0.355879 0.3632 0.845861 0.355879 0.3632 0.845861 0.355879 0.559656 -0.99204 0.458983 0.559656 -0.99204 0.458983 0.559656 -0.99204 0.458983 0.559405 -0.985006 0.56185 0.559405 -0.985006 0.56185 0.559405 -0.985006 0.56185 </float_array>
          <technique_common>
            <accessor count="384" offset="0" source="#meshId0-positions-array" stride="3">
              <param name="X" type="float" />
              <param name="Y" type="float" />
              <param name="Z" type="float" />
            </accessor>
          </technique_common>
        </source>
        <source id="meshId0-normals" name="meshId0-normals">
          <float_array id="meshId0-normals-array" count="1152"> 0.0112145 -0.930164 0.366972 -0.0135408 -0.934895 0.354665 0.0205237 -0.996989 -0.0747744 -0.0220118 -0.996856 -0.0761132 0.0197977 -0.106549 0.99411 -0.0257923 -0.102307 0.994418 0.010547 -0.442919 0.8965 -0.0146303 -0.453302 0.891237 0.899461 -0.435834 -0.0319202 0.893057 -0.445087 -0.0659313 0.994682 -0.10118 0.0192704 0.99457 -0.094364 -0.0438788 0.0204399 -0.990517 -0.135858 0.368325 -0.925855 -0.0844391 0.354758 -0.927571 -0.117296 0.379845 -0.132819 0.915465 0.0267141 -0.103716 0.994248 0.379104 -0.1309 0.916049 0.994308 -0.0990613 0.039221 0.916333 -0.129499 0.378898 0.916191 -0.127663 0.379863 0.0193918 0.10868 -0.993888 0.0109235 -0.305147 -0.952243 -0.0249675 0.112736 -0.993311 -0.0147362 -0.321139 -0.946917 0.0114995 -0.91011 -0.414207 -0.0136913 -0.917392 -0.397749 -0.0224702 -0.99054 -0.13537 0.915663 -0.0460106 -0.399306 0.92844 -0.0486767 -0.368279 0.995284 -0.0921952 -0.0301726 0.0276005 0.111326 -0.993401 0.368462 0.0674919 -0.92719 0.399628 0.065051 -0.914366 0.0158102 0.324586 0.945724 -0.0117113 0.309126 0.950949 -0.0205823 -0.0994172 0.994833 0.0239086 0.999091 0.0352881 -0.0218908 0.999107 0.0361504 0.0147895 0.917658 0.397096 -0.0124143 0.910505 0.413312 0.395896 0.918035 0.0218712 0.0246921 0.999172 -0.0323375 0.412448 0.9108 -0.0181638 0.944343 0.328124 0.0234615 0.94951 0.313272 -0.0170681 0.0146372 0.935219 -0.353768 -0.0224322 0.999208 -0.0328705 -0.0121155 0.930564 -0.365928 0.0157073 0.456723 -0.88947 -0.0113179 0.446768 -0.894578 -0.0209633 0.115848 -0.993046 -0.368381 -0.0559973 0.927987 -0.399462 -0.0534198 0.915192 -0.914935 0.0574295 0.399493 -0.993769 0.103919 0.04031 -0.927731 0.0599664 0.368401 -0.994117 0.100825 0.0395618 -0.891162 0.45309 0.0232269 -0.896114 0.443519 -0.0164331 -0.993363 0.11109 -0.029815 -0.355007 0.934615 0.0215677 -0.367431 0.929883 -0.0176528 -0.914791 0.141774 -0.37823 -0.99396 0.10756 -0.0217699 -0.914663 0.139924 -0.379227 -0.379217 0.144644 -0.913932 -0.378501 0.142696 -0.914535 -0.412707 -0.907056 -0.0832048 -0.395232 -0.911187 -0.116318 -0.951897 -0.305886 -0.0180843 -0.945571 -0.321117 -0.0527269 0.366968 -0.930166 -0.0112122 0.354673 -0.934892 0.013538 0.027041 -0.999412 -0.0210705 0.0263489 -0.999389 0.0229501 0.994107 -0.106581 -0.0197929 0.994416 -0.102329 0.0257997 0.896501 -0.442916 -0.0105454 0.891233 -0.45331 0.0146283 0.0251716 -0.101356 -0.994532 0.0134434 -0.439446 -0.898168 -0.0331839 -0.0954786 -0.994878 -0.0189823 -0.449938 -0.892858 0.0143379 -0.929507 -0.368524 -0.0175006 -0.934428 -0.355721 -0.0295223 -0.999355 -0.020441 0.915451 -0.132931 -0.379841 0.994245 -0.103743 -0.0267198 0.916036 -0.131008 -0.379097 0.0353375 -0.0988955 -0.99447 0.378889 -0.129721 -0.916305 0.379846 -0.127884 -0.916167 -0.993931 0.108282 -0.0194023 -0.952238 -0.30516 -0.0109255 -0.993358 0.112324 0.0249585 -0.946921 -0.321127 0.014739 -0.414213 -0.910107 -0.0115014 -0.397739 -0.917396 0.0136937 -0.0285285 -0.999349 0.0220795 -0.39931 -0.0458402 -0.915669 -0.368279 -0.0484969 -0.92845 -0.0269538 -0.092737 -0.995326 -0.993446 0.11092 -0.0275872 -0.927206 0.067245 -0.368466 -0.914381 0.0648113 -0.399632 0.945725 0.324584 -0.015813 0.950949 0.309126 0.0117128 0.994831 -0.0994336 0.0205759 0.0317635 0.999208 -0.023972 0.0325792 0.999228 0.0219755 0.397064 0.917672 -0.0147934 0.41332 0.910501 0.0124168 0.0196463 0.91814 -0.395768 -0.0290927 0.999271 -0.0247379 -0.0163168 0.910817 -0.412488 0.0210773 0.328314 -0.944333 -0.0153379 0.313034 -0.949618 -0.353789 0.935211 -0.014633 -0.0296054 0.999309 0.0224947 -0.36593 0.930564 0.0121112 -0.889471 0.456721 -0.0157043 -0.89458 0.446764 0.0113142 -0.993095 0.115426 0.0209728 0.927994 -0.0559233 0.368373 0.915196 -0.053342 0.399464 0.399504 0.0576562 0.914917 0.0363583 0.104607 0.993849 0.368403 0.0601931 0.927716 0.0247553 0.1024 0.994435 0.0208832 0.453267 0.89113 -0.0147785 0.443343 0.89623 -0.0273751 0.111004 0.993443 0.0193878 0.934694 0.354924 -0.015872 0.929914 0.367435 -0.378267 0.141261 0.914855 -0.0322013 0.108024 0.993627 -0.379253 0.139414 0.91473 -0.913999 0.144119 0.379256 -0.914608 0.142181 0.37852 0.0147399 -0.910434 0.413392 -0.0177338 -0.917911 0.396389 0.0139581 -0.309 0.950959 -0.0191612 -0.324948 0.945538 -0.366962 -0.930168 0.0112111 -0.354675 -0.934891 -0.0135368 -0.0257888 -0.999445 0.0210907 -0.0251233 -0.999421 -0.022967 -0.99412 -0.106461 0.0197923 -0.994428 -0.10221 -0.0257988 -0.896502 -0.442914 0.0105447 -0.891235 -0.453306 -0.0146273 -0.0240077 -0.101238 0.994573 -0.012816 -0.439382 0.898209 0.0316682 -0.0956553 0.994911 0.0180945 -0.450007 0.892842 -0.0136677 -0.929511 0.36854 0.01668 -0.934459 0.355679 0.0281644 -0.999394 0.0204688 -0.915466 -0.132822 0.379841 -0.994258 -0.103623 0.0267209 -0.916047 -0.130899 0.379107 -0.0335433 -0.0987088 0.994551 -0.37888 -0.129677 0.916316 -0.379862 -0.127837 0.916167 0.993931 0.108281 0.0194025 0.952242 -0.305149 0.0109265 0.993358 0.112324 -0.0249583 0.946919 -0.321134 -0.0147396 0.414219 -0.910105 0.0115027 0.397733 -0.917399 -0.0136948 0.027209 -0.999385 -0.0221037 0.399308 -0.04584 0.91567 0.368279 -0.0484968 0.92845 0.0255612 -0.0928949 0.995348 0.993446 0.11092 0.0275872 0.927206 0.0672447 0.368465 0.914381 0.0648113 0.399632 -0.945728 0.324576 0.015815 -0.950949 0.309124 -0.0117139 -0.994843 -0.0993135 -0.0205765 -0.0301396 0.999258 0.0239964 -0.0309303 0.999279 -0.0220131 -0.397061 0.917673 0.0147943 -0.413319 0.910502 -0.0124177 -0.0186231 0.918196 0.395688 0.0275982 0.999312 0.0247598 0.0154688 0.910811 0.412534 -0.0199814 0.328399 0.944328 0.0145422 0.312926 0.949666 0.353789 0.935211 0.0146318 0.0280981 0.999351 -0.022524 0.365918 0.930568 -0.0121101 0.889472 0.45672 0.0157026 0.894582 0.446761 -0.0113129 0.993095 0.115426 -0.0209728 -0.928002 -0.055811 -0.368372 -0.915202 -0.0532319 -0.399464 -0.399503 0.0577034 -0.914914 -0.0345257 0.10481 -0.993893 -0.368407 0.0602372 -0.927711 -0.0236028 0.102524 -0.99445 -0.0198064 0.453349 -0.891113 0.0140177 0.443268 -0.896279 0.0259725 0.110854 -0.993497 -0.0183847 0.934735 -0.354871 0.0150531 0.92991 -0.36748 0.378267 0.141261 -0.914855 0.030719 0.107861 -0.993691 0.37925 0.139414 -0.914731 0.914001 0.144119 -0.379253 0.914608 0.142181 -0.37852 -0.0140459 -0.910437 -0.413408 0.0168971 -0.91795 -0.396337 -0.0133011 -0.308916 -0.950996 0.0182581 -0.32502 -0.945531 -0.011217 -0.930162 -0.366978 0.0135436 -0.9349 -0.354654 -0.0206612 -0.999091 0.0372816 0.0223169 -0.999005 0.03861 -0.0197953 -0.106913 -0.994071 0.0257991 -0.102664 -0.994382 -0.0105492 -0.442918 -0.8965 0.0146329 -0.453298 -0.891239 -0.99464 -0.0995168 -0.0280665 -0.955456 0.281471 -0.0887608 -0.994608 -0.101514 -0.0212142 -0.892956 -0.446948 0.0535438 -0.369302 -0.92802 0.0489423 -0.35599 -0.93039 0.0874429 -0.0203869 -0.994317 0.104491 -0.37982 -0.13321 -0.915419 -0.0267166 -0.104076 -0.99421 -0.379092 -0.131288 -0.915998 -0.99378 -0.102778 -0.0428817 -0.920214 -0.0531473 0.38779 -0.916157 -0.12795 -0.37985 -0.0193942 0.10861 0.993895 -0.0109216 -0.305146 0.952243 0.0249656 0.112663 0.99332 0.0147349 -0.321145 0.946915 -0.0114967 -0.910113 0.414201 0.0136889 -0.917388 0.397759 0.0222817 -0.994357 0.103718 -0.915663 -0.0459815 0.399309 -0.928442 -0.0486448 0.368279 -0.994962 -0.0954033 0.0308049 -0.0275982 0.111254 0.993409 -0.368468 0.0674488 0.92719 -0.399641 0.0650071 0.914364 -0.0158069 0.324597 -0.94572 0.0117078 0.309119 -0.950951 0.0205751 -0.0997706 -0.994798 -0.0238462 0.998961 -0.0388373 0.0218072 0.998972 -0.03974 -0.0147863 0.917661 -0.397089 0.0124113 0.910512 -0.413295 -0.396028 0.917922 -0.0241268 -0.0246457 0.999062 0.0356078 -0.4124 0.910783 0.0200295 -0.944346 0.327935 -0.0258744 -0.949402 0.313498 0.018817 -0.014641 0.935227 0.353745 0.0223663 0.999096 0.0361617 0.0121196 0.930548 0.36597 -0.01571 0.45672 0.889472 0.0113204 0.446784 0.89457 0.0209659 0.115773 0.993054 0.368373 -0.0562644 -0.927974 0.39947 -0.0536788 -0.915173 0.914935 0.057454 -0.399491 0.993627 0.103651 -0.044297 0.927726 0.060001 -0.368407 0.994154 0.101053 -0.0380176 0.891189 0.452909 -0.0255902 0.895996 0.443694 0.0180999 0.993202 0.111597 0.0331019 0.35511 0.934522 -0.0237731 0.367385 0.929866 0.0194488 0.914802 0.141684 0.378237 0.993697 0.108225 0.029225 0.914676 0.139833 0.379228 0.379228 0.14455 0.913943 0.378501 0.142605 0.914549 0.412947 -0.909409 0.0494976 0.395754 -0.914362 0.0855646 0.951386 -0.307966 0.00467106 0.945406 -0.322754 0.045137 0.315124 -0.405697 0.857967 0.310216 -0.899145 0.308714 0.859584 -0.403205 0.313912 0.305264 -0.885606 -0.350024 0.310674 -0.269566 -0.911491 0.865025 -0.365232 -0.344002 0.339318 0.876829 0.340638 0.333668 0.243449 0.910713 0.909658 0.246111 0.334591 0.343259 0.374523 -0.86134 0.348572 0.886972 -0.302948 0.909104 0.27929 -0.309076 -0.863012 0.370303 0.343638 -0.309846 0.274909 0.910176 -0.30411 0.886306 0.349255 -0.314384 0.410692 -0.855859 -0.857515 0.408194 -0.313124 -0.309194 0.899875 -0.307611 -0.349313 -0.886268 0.304154 -0.343627 -0.369482 0.863368 -0.910409 -0.274039 0.309932 -0.334194 -0.23813 -0.911926 -0.34022 -0.876143 -0.341502 -0.910897 -0.240823 -0.335067 0.85796 -0.405719 -0.315113 0.308738 -0.899141 -0.310204 0.313947 -0.403227 -0.859561 -0.349996 -0.885612 -0.305276 -0.911497 -0.269535 -0.310683 -0.343973 -0.365218 -0.865043 0.340602 0.876832 -0.339346 0.910718 0.243397 -0.333691 0.334558 0.246071 -0.909681 -0.861325 0.374575 -0.343239 -0.303006 0.886963 -0.348545 -0.309111 0.279335 -0.909077 0.343598 0.370276 0.863039 0.910182 0.274867 0.309866 0.349236 0.886315 0.304105 -0.855842 0.410734 0.314376 -0.313164 0.408221 0.857487 -0.307674 0.899863 0.309164 0.304196 -0.886264 0.349287 0.86336 -0.369521 0.343605 0.309948 -0.274065 0.910396 -0.911932 -0.238087 0.334207 -0.341462 -0.876149 0.340244 -0.33505 -0.240796 0.910911 -0.857956 -0.405736 0.315104 -0.308752 -0.899139 0.310197 -0.313957 -0.403238 0.859552 0.349984 -0.885615 0.305281 0.911498 -0.269525 0.310689 0.343963 -0.365207 0.865051 -0.340581 0.876838 0.339352 -0.91072 0.243376 0.333703 -0.334544 0.246055 0.909691 0.861319 0.374597 0.34323 0.303028 0.88696 0.348534 0.309126 0.279353 0.909067 -0.343589 0.370272 -0.863044 -0.910184 0.27485 -0.309874 -0.349218 0.886313 -0.30413 0.855842 0.410746 -0.314361 0.313173 0.408235 -0.857477 0.307684 0.899857 -0.309173 -0.304215 -0.886262 -0.349275 -0.863355 -0.369542 -0.343594 -0.309957 -0.274079 -0.910388 0.911937 -0.238062 -0.334211 0.341439 -0.876156 -0.340251 0.335033 -0.240777 -0.910922 -0.315136 -0.40567 -0.857975 -0.310226 -0.899152 -0.308683 -0.985888 0.0811609 0.146419 -0.305254 -0.885598 0.350052 -0.310661 -0.269593 0.911488 -0.865005 -0.365253 0.344029 -0.339298 0.876821 -0.34068 -0.33364 0.243499 -0.91071 -0.909636 0.24615 -0.334623 -0.343289 0.374467 0.861352 -0.348606 0.88698 0.302887 -0.909127 0.279247 0.309046 0.862992 0.370323 -0.343666 0.309831 0.274944 -0.910171 0.304092 0.886296 -0.349296 0.314422 0.410673 0.855855 0.857538 0.408164 0.313099 0.309209 0.899866 0.30762 0.349341 -0.886272 -0.30411 0.343656 -0.369443 -0.863373 0.91043 -0.273993 -0.309911 0.334174 -0.238176 0.911921 0.340199 -0.876136 0.341542 0.91088 -0.240857 0.335091 </float_array>
          <technique_common>
            <accessor count="384" offset="0" source="#meshId0-normals-array" stride="3">
              <param name="X" type="float" />
              <param name="Y" type="float" />
              <param name="Z" type="float" />
            </accessor>
          </technique_common>
        </source>
        <source id="meshId0-tangents" name="meshId0-tangents">
          <float_array id="meshId0-tangents-array" count="1152"> 0.160687 -0.36055 -0.918795 -0.0264026 -0.354239 -0.934782 0.112011 0.0766123 -0.990749 -0.112806 0.0781219 -0.990541 -0.979105 -0.203341 -0.00229519 -0.99279 -0.113865 -0.0374646 -0.977005 -0.195498 -0.0850924 -0.995024 -0.0812551 -0.0576621 -0.250062 -0.57322 0.780312 -0.167819 -0.465454 0.869017 -0.0629836 -0.449472 0.891071 0.005023 -0.37762 0.925947 0.082927 0.137097 -0.98708 0.136295 0.143617 -0.980203 0.0326344 0.137665 -0.989941 -0.911633 -0.221689 0.346091 -0.994217 -0.106249 0.0156298 -0.919188 -0.167362 0.356487 -0.065899 -0.282551 0.956986 -0.400015 -0.338434 0.851734 -0.40023 -0.24364 0.883434 0.970573 -0.240695 -0.00738279 0.958893 -0.266852 0.0965127 0.912405 -0.403478 -0.0687265 0.853425 -0.497497 0.155441 0.0133212 0.414337 -0.910026 0.208945 0.38638 -0.898361 0.259716 0.124972 -0.957565 0.370233 -0.29023 0.882437 0.312374 -0.434246 0.844898 -0.0145292 -0.449201 0.893313 0.914188 -0.404798 -0.0199642 0.885711 -0.328462 0.328069 0.831981 -0.444505 0.331998 -0.998703 -0.0406536 0.0306489 -0.982298 -0.181371 0.0468611 -0.981476 -0.187561 -0.0390496 0.0360762 -0.0361375 0.998695 0.210536 -0.0307414 0.977103 0.0884303 -0.396784 0.913643 0.23864 -0.398701 0.885488 0.0948928 -0.0645883 0.99339 0.34268 0.0219279 0.939196 0.484524 -0.202441 0.851031 0.0343792 -0.16937 0.984953 0.148796 -0.40176 0.903575 0.281148 0.335683 0.89904 0.18149 0.0364024 0.982719 0.103736 0.36515 0.925151 0.871767 -0.44191 -0.211516 0.953648 -0.264221 -0.144022 0.958964 -0.278581 -0.0527429 -0.921052 -0.113654 -0.372487 -0.912282 -0.0752714 -0.402586 -0.402976 -0.184994 -0.896319 -0.0611257 -0.205675 -0.97671 -0.373155 -0.126735 -0.919072 -0.0448275 -0.0505058 -0.997717 -0.157083 -0.260119 -0.952713 -0.106227 -0.250284 -0.962327 0.00867471 -0.186118 -0.982489 0.243563 0.0701927 0.967342 0.155336 0.0800706 0.984611 0.349184 -0.19314 -0.916934 -0.00254608 -0.220924 -0.975288 0.334291 -0.265587 -0.904275 0.871013 -0.277558 -0.405336 0.83886 -0.364726 -0.40409 -0.0640583 0.120024 -0.990702 0.426385 -0.0698213 -0.901843 -0.0253531 0.137438 -0.990186 0.124221 -0.206423 -0.970546 -0.919131 -0.360705 -0.1584 -0.934545 -0.354019 0.0360096 -0.994206 -0.0246946 -0.104614 -0.99632 -0.0243809 0.0821729 8.91864e-05 -0.181781 0.983339 -0.036779 -0.106903 0.993589 -0.0771057 -0.17942 0.980746 -0.0579553 -0.0818361 0.994959 0.926747 -0.370663 0.0612314 0.909663 -0.367549 0.193446 0.933513 -0.358528 0.0032709 0.930063 -0.335661 0.149376 -0.986616 0.0467205 -0.156226 -0.997459 0.0408892 -0.0583376 -0.996709 0.0309765 -0.0749163 0.351606 -0.194943 0.915626 0.0157577 -0.105082 0.994339 0.35725 -0.163193 0.919642 0.959002 -0.276626 0.0615864 0.864905 -0.302591 0.400473 0.884047 -0.241413 0.400226 -0.00697688 -0.238069 -0.971223 0.0912339 -0.250181 -0.963891 -0.0651361 -0.370133 -0.926692 0.136661 -0.443631 -0.885729 -0.910144 0.414276 -0.00367354 -0.899686 0.387047 -0.201893 -0.961668 0.0214128 -0.273379 0.883747 -0.285064 -0.371118 0.859123 -0.399452 -0.319915 0.916081 -0.400796 0.0125354 -0.0174273 -0.385531 -0.92253 0.329623 -0.320676 -0.887984 0.341411 -0.40708 -0.847186 0.0348089 -0.0528007 0.997998 0.0479604 -0.184732 0.981618 -0.0387036 -0.183987 0.982166 0.999029 -0.0324724 -0.0297841 0.977448 -0.0272636 -0.20941 0.914236 -0.396892 -0.0815483 0.884986 -0.398452 -0.240907 0.993966 -0.0606602 -0.0913837 0.940672 0.0189997 -0.338784 0.862173 -0.196103 -0.46712 0.985638 -0.165121 -0.035408 0.912845 -0.383169 -0.141053 0.898929 0.335658 -0.281531 0.98312 0.033176 -0.17993 0.925659 0.365285 -0.0986036 -0.197398 -0.414975 -0.888161 -0.146146 -0.268524 -0.952122 -0.053195 -0.283711 -0.957433 -0.372419 -0.108898 0.921654 -0.402494 -0.0708645 0.912675 -0.899989 -0.1652 0.403396 -0.981204 -0.184864 0.0553535 -0.921481 -0.108482 0.372966 -0.995693 -0.0863742 0.0336808 -0.963671 -0.228261 0.138687 -0.966235 -0.236929 0.10127 -0.980641 -0.195747 -0.00515007 0.967717 0.0716796 -0.24163 0.984993 0.0777063 -0.154113 -0.917867 -0.185503 -0.35087 -0.979914 -0.199166 -0.0101041 -0.913753 -0.212076 -0.346525 -0.405084 -0.272018 -0.872876 -0.404309 -0.309511 -0.860661 -0.984517 0.059008 0.16506 -0.950155 -0.107953 -0.292493 -0.999754 0.0120601 0.018593 -0.932972 -0.334177 -0.133751 0.919342 -0.3608 0.15695 0.934399 -0.3539 -0.0406673 0.994606 -0.0235322 0.101018 0.996009 -0.0230562 -0.0862209 -0.00105904 -0.173212 -0.984884 0.0364698 -0.103951 -0.993913 0.073873 -0.172909 -0.982163 0.0580347 -0.0819961 -0.994941 -0.936249 -0.346539 -0.057874 -0.923175 -0.339919 -0.179452 -0.937035 -0.349214 -0.00374913 -0.931864 -0.331223 -0.148057 0.987289 0.0458238 0.152189 0.99776 0.0386065 0.054638 0.997087 0.0295395 0.0703161 -0.353692 -0.184547 -0.916976 -0.0158011 -0.104803 -0.994367 -0.357554 -0.161676 -0.919791 -0.96005 -0.273426 -0.0595171 -0.870082 -0.287415 -0.400438 -0.884656 -0.239246 -0.40018 0.00684883 -0.236945 0.971499 -0.0894111 -0.244442 0.965533 0.0636847 -0.356054 0.932293 -0.128833 -0.421094 0.897821 0.910171 0.414229 -0.00155998 0.900554 0.387488 0.197118 0.963934 0.0203748 0.265359 -0.884278 -0.282976 0.371452 -0.865507 -0.382566 0.323329 -0.923775 -0.382747 -0.0119983 0.016215 -0.375687 0.926605 -0.330357 -0.316753 0.889118 -0.345614 -0.389125 0.853893 -0.0367342 -0.0584247 -0.997616 -0.0484546 -0.186245 -0.981308 0.0385391 -0.182503 -0.98245 -0.999152 -0.0307928 0.0273326 -0.977599 -0.0256573 0.208905 -0.914482 -0.396945 0.0784736 -0.884742 -0.398325 0.24201 -0.994178 -0.0590144 0.0901522 -0.94189 0.0177008 0.335455 -0.869234 -0.191656 0.455741 -0.985753 -0.164242 0.0362587 -0.918557 -0.371037 0.136327 -0.899245 0.335797 0.280356 -0.983383 0.0316781 0.178757 -0.92592 0.365339 0.095916 0.189997 -0.400837 0.896231 0.147065 -0.270386 0.951453 0.053414 -0.285706 0.956828 0.372382 -0.107014 -0.921889 0.402443 -0.068826 -0.912854 0.901823 -0.154521 -0.403533 0.983402 -0.173687 -0.0524774 0.92257 -0.0993595 -0.372817 0.996177 -0.081279 -0.0320234 0.968834 -0.211416 -0.12909 0.968371 -0.229342 -0.0982795 0.981669 -0.190543 0.00440256 -0.967913 0.0723266 0.240653 -0.985188 0.0765786 0.153426 0.918471 -0.180514 0.35189 0.983331 -0.181507 0.0106968 0.916722 -0.190867 0.350985 0.404999 -0.268667 0.873953 0.404071 -0.28711 0.868501 0.984623 0.059406 -0.164282 0.95458 -0.103124 0.279541 0.999742 0.0134078 -0.0183382 0.942381 -0.31036 0.124882 -0.162249 -0.360445 0.918561 0.0179707 -0.354401 0.934921 -0.116939 0.0394486 0.992355 0.105297 0.0407535 0.993605 0.97388 -0.227007 0.00502136 0.991964 -0.120616 0.0381892 0.972422 -0.213441 0.0940086 0.995097 -0.0805962 0.0573307 0.0724919 -0.477595 -0.875584 -0.0732933 -0.517617 -0.852467 0.0619318 -0.417321 -0.906646 0.142466 -0.39344 -0.908245 -0.159752 0.115278 0.980403 -0.0626908 0.117139 0.991135 -0.0862389 0.105872 0.990633 0.906454 -0.251071 -0.339565 0.99409 -0.107455 -0.0154648 0.918811 -0.170957 -0.355753 0.0701135 -0.278263 -0.957942 -0.323509 -0.454435 -0.829959 0.400354 -0.246386 -0.882616 -0.969763 -0.243925 0.00773206 -0.951871 -0.288538 -0.103379 -0.893776 -0.442588 0.0726624 -0.809798 -0.559341 -0.177098 -0.0213373 0.414357 0.909864 -0.212672 0.386023 0.89764 -0.269049 0.0939526 0.958533 -0.369244 -0.296282 -0.880838 -0.302634 -0.475874 -0.825807 0.0187957 -0.479335 -0.877431 -0.902323 -0.430439 0.0231381 -0.883273 -0.336452 -0.32654 -0.81053 -0.490973 -0.319353 0.999122 -0.0315825 -0.0275395 0.982786 -0.178914 -0.0460588 0.980907 -0.190448 0.0393883 -0.0406778 -0.0397857 -0.99838 -0.211401 -0.0342431 -0.976799 -0.093858 -0.396653 -0.913158 -0.23656 -0.39892 -0.885947 -0.096865 -0.0678911 -0.992979 -0.345269 0.0249203 -0.938173 -0.498432 -0.207176 -0.841809 -0.0325785 -0.171505 -0.984644 -0.155491 -0.417143 -0.895441 -0.27955 0.335846 -0.899477 -0.182577 0.0396444 -0.982392 -0.108291 0.365066 -0.924662 -0.84813 -0.477228 0.230064 -0.952179 -0.268359 0.146079 -0.959283 -0.277504 0.0526052 0.92057 -0.117304 0.372546 0.911997 -0.07821 0.402671 0.402498 -0.203026 0.892623 0.0668338 -0.225289 0.971997 0.373253 -0.142644 0.916698 0.0462053 -0.0799591 0.995727 0.174481 -0.290161 0.940937 0.111437 -0.264117 0.958031 -0.00993626 -0.202055 0.979324 -0.24543 0.0686622 -0.96698 -0.15642 0.0823869 -0.984248 -0.347084 -0.203174 0.915562 -0.00185532 -0.244788 0.969575 -0.316792 -0.334675 0.887488 -0.868602 -0.284832 0.405464 -0.808135 -0.43082 0.401638 0.0631559 0.0828104 0.994562 -0.443187 -0.108551 0.889833 0.0140351 0.058498 0.998189 -0.170519 -0.371872 0.912488 -0.930359 -0.310589 0.194849 0.229952 -0.244121 -0.942087 -0.474579 -0.402177 0.782961 -0.0467865 0.353177 -0.934386 0.92704 -0.12588 0.353201 0.204067 -0.370245 0.906242 -0.131886 -0.3142 0.940151 -0.938294 -0.0074333 0.34576 -0.295398 -0.182971 0.93769 0.842313 -0.528486 0.105883 0.574708 0.0530692 0.816636 0.41601 -0.570228 0.708361 -0.415968 -0.134877 -0.899321 -0.940418 -0.229601 -0.250792 0.31532 -0.252302 0.914831 0.915195 -0.108351 -0.388173 0.220246 -0.258767 -0.940495 0.0577335 0.340626 0.938425 -0.31892 -0.192768 -0.927971 -0.931234 0.0152744 -0.364101 -0.334045 0.0449644 -0.941484 0.828342 -0.535786 -0.163654 0.537534 0.116778 -0.835117 0.410252 -0.441445 -0.79801 0.214081 -0.275225 0.937241 -0.942695 -0.245883 -0.225537 0.837463 -0.308931 0.450797 -0.934942 0.350492 0.0551161 0.354388 -0.131264 -0.92584 0.907282 -0.36662 -0.205983 0.940022 -0.310415 0.141422 0.347749 -0.0159493 0.937452 0.93767 -0.183262 0.295279 0.131793 -0.487737 -0.862985 0.825253 0.0613042 -0.561426 0.755406 -0.508604 -0.413139 -0.907041 -0.107286 0.407145 -0.251145 -0.228679 0.940549 0.91474 -0.252099 -0.315749 -0.395229 -0.12723 -0.909729 -0.940579 -0.258148 -0.220614 0.938973 0.339685 -0.05425 -0.927806 -0.192515 0.319553 -0.363414 0.0170533 0.931472 -0.941566 0.0443146 0.3339 -0.194549 -0.466241 -0.863 -0.847458 0.130446 -0.514587 -0.839263 -0.36313 -0.404689 -0.221306 -0.261634 -0.939453 0.943037 -0.246895 0.22299 -0.85678 -0.269761 -0.439496 0.935217 0.349004 -0.0597092 -0.355219 -0.13506 0.924975 -0.907589 -0.365536 0.206555 -0.93996 -0.309138 -0.144596 -0.348664 -0.0199011 -0.937037 -0.937597 -0.184037 -0.295029 -0.143989 -0.467887 0.87198 -0.831294 0.0671957 0.551756 -0.778226 -0.475122 0.410637 0.910789 -0.0926421 -0.402344 0.251285 -0.228312 -0.940601 -0.914705 -0.251995 0.315933 0.398627 -0.136504 0.906898 0.940765 -0.256889 0.22129 -0.939263 0.33917 0.0524267 0.927877 -0.192685 -0.319245 0.363065 0.0179568 -0.931591 0.941689 0.0433851 -0.333676 0.206321 -0.438009 0.874974 0.85454 0.138632 0.500543 0.855924 -0.32639 0.401077 0.920095 -0.35219 -0.171429 -0.233381 -0.242735 0.941601 -0.166427 -0.569736 -0.8048 0.0398882 0.355383 0.933869 -0.927924 -0.121831 -0.352297 -0.201415 -0.375215 -0.90479 0.125658 -0.31667 -0.940175 0.938876 -0.00109991 -0.344253 0.295814 -0.181707 -0.937804 -0.811701 -0.579682 -0.0714881 -0.584382 0.0469633 -0.810118 -0.416281 -0.634268 -0.651471 0.424011 -0.161032 0.891226 0.940296 -0.230451 0.250471 -0.31497 -0.2525 -0.914898 -0.918451 -0.0963066 0.38363 -0.218358 -0.262275 0.939964 -0.060848 0.34153 -0.937899 0.317956 -0.193175 0.928217 0.931071 0.0141066 0.364566 0.334156 0.045511 0.941418 -0.777056 -0.617186 0.123556 -0.553231 0.107219 0.826099 -0.412656 -0.524546 0.744692 </float_array>
          <technique_common>
            <accessor count="384" offset="0" source="#meshId0-tangents-array" stride="3">
              <param name="X" type="float" />
              <param name="Y" type="float" />
              <param name="Z" type="float" />
            </accessor>
          </technique_common>
        </source>
        <source id="meshId0-bitangents" name="meshId0-bitangents">
          <float_array id="meshId0-bitangents-array" count="1152"> 0.986942 0.0692715 0.145422 0.99956 -0.0220217 -0.019887 0.993495 0.0119583 0.113247 0.993373 -0.0132175 -0.114171 0.202387 -0.973293 -0.108348 0.117062 -0.988215 -0.0986329 0.212953 -0.874988 -0.434796 0.0985559 -0.887646 -0.449857 -0.358384 -0.693878 -0.624575 -0.417476 -0.765017 -0.49037 -0.0814968 -0.887546 -0.453454 -0.103946 -0.92114 -0.375096 0.996346 0.00890952 0.0849429 0.919652 0.349525 0.179087 0.934388 0.347362 0.0791084 0.156981 -0.96603 -0.20529 0.104017 -0.988916 -0.105955 0.106647 -0.977167 -0.183769 -0.0837183 -0.954124 -0.287471 0.0179331 -0.932037 -0.361919 -0.0202319 -0.961427 -0.274315 -0.240026 -0.964497 -0.11015 -0.283559 -0.914153 0.289688 -0.408527 -0.908018 -0.0927868 -0.521007 -0.805833 0.281399 0.999845 0.00494708 0.0168884 0.977832 -0.0954075 0.186395 0.965424 -0.0566743 0.254451 -0.156492 -0.95585 -0.248718 -0.20105 -0.899478 -0.387966 -0.0959127 -0.888661 -0.448422 -0.404349 -0.907604 -0.112945 -0.282405 -0.942103 -0.180804 -0.384843 -0.893411 -0.231758 0.0483953 -0.944982 0.323523 0.186961 -0.933566 0.305778 0.190474 -0.977209 -0.0937152 0.999063 -0.0226043 -0.0369074 0.977341 0.0290006 -0.209675 0.995973 0.021603 -0.087017 0.971029 0.109625 -0.212333 0.913379 -0.391204 -0.112685 0.939128 -0.0342721 -0.341854 0.771442 -0.359807 -0.524801 0.32716 -0.929327 -0.171224 0.276208 -0.860493 -0.428089 0.959553 -0.112621 -0.258022 0.983137 0.0160789 -0.182163 0.994531 -0.0267513 -0.100957 -0.48967 -0.772088 -0.405097 -0.300711 -0.854743 -0.423069 -0.282754 -0.9534 -0.105254 0.126328 -0.991941 -0.00970832 0.0903939 -0.995731 -0.0186658 0.0224286 -0.98106 0.1924 -0.093208 -0.973087 0.210745 -0.00842397 -0.990122 0.139953 -0.098597 -0.993621 0.0547284 -0.425623 -0.852671 0.302981 -0.430923 -0.86061 0.271397 -0.114693 -0.976227 0.183919 0.902578 0.348666 -0.252556 0.916987 0.359034 -0.173865 -0.203049 -0.970875 0.127177 -0.109711 -0.969342 0.219864 -0.227248 -0.953879 0.196147 -0.312299 -0.949758 -0.0207321 -0.391217 -0.920116 0.0183468 0.908609 -0.40354 -0.107639 0.813626 -0.406034 0.416112 0.305369 -0.942096 -0.138582 0.300775 -0.924269 0.235077 0.143294 0.0684332 -0.987311 -0.0288724 -0.0254235 -0.99926 0.104032 0.0237773 -0.99429 -0.0815631 -0.0250308 -0.996354 -0.108403 -0.977546 -0.1807 -0.0989153 -0.98899 -0.11007 -0.43628 -0.878427 -0.195001 -0.449828 -0.887588 -0.0992068 -0.374842 -0.92322 0.084601 -0.41513 -0.819631 0.394807 -0.357004 -0.928623 0.101028 -0.366908 -0.827579 0.424842 0.162431 0.365832 -0.916397 0.0690575 0.353796 -0.93277 0.0755012 0.018162 -0.99698 -0.195762 -0.971765 -0.131721 -0.105963 -0.989038 -0.102843 -0.182346 -0.977857 -0.102688 -0.281187 -0.955875 0.0850657 -0.329216 -0.944251 -0.00245201 -0.272357 -0.961959 0.0213553 -0.109785 -0.965193 0.23738 0.291407 -0.918851 0.266073 -0.0948516 -0.922163 0.374991 0.29097 -0.836701 0.463969 0.00810807 0.00894629 -0.999927 0.179915 -0.0926207 -0.979312 0.272728 -0.0290323 -0.961653 -0.244012 -0.957412 0.15434 -0.355356 -0.915471 0.188774 -0.400085 -0.911462 0.0957576 -0.112963 -0.916003 0.384938 -0.177871 -0.944799 0.275167 -0.21759 -0.91109 0.350099 0.323099 -0.944382 -0.0612333 0.305607 -0.932907 -0.190496 -0.0938746 -0.977886 -0.186885 -0.0305389 -0.0230026 -0.999269 -0.20865 0.0283023 -0.977581 -0.0807059 0.0188553 -0.99656 -0.214399 0.110561 -0.970469 -0.10791 -0.391585 -0.913792 -0.338067 -0.0331264 -0.940539 -0.506351 -0.363258 -0.782082 -0.167554 -0.930024 -0.327079 -0.408018 -0.869017 -0.279875 -0.25838 -0.112757 -0.95944 -0.180552 0.0167881 -0.983422 -0.0961809 -0.0248712 -0.995053 -0.412159 -0.786894 0.459264 -0.422336 -0.853403 0.305509 -0.104562 -0.951937 0.287892 -0.0114267 -0.992479 -0.121884 -0.0203761 -0.996059 -0.0863247 0.174403 -0.984573 -0.0141081 0.189517 -0.977181 0.0959196 0.12309 -0.992274 0.0155019 0.0893424 -0.990986 0.0998212 0.266273 -0.861653 0.432034 0.25724 -0.864472 0.431875 0.193892 -0.974352 0.114214 -0.251291 0.348151 -0.90313 -0.171864 0.359474 -0.917192 0.120144 -0.972437 0.199828 0.196805 -0.973994 0.112268 0.145682 -0.967258 0.207821 -0.0226335 -0.951439 0.307005 -0.0052137 -0.940206 0.340567 -0.17467 -0.409425 -0.895468 0.311274 -0.381818 -0.870243 -0.017214 -0.950986 -0.308756 0.359439 -0.884723 -0.296764 -0.141945 0.0679016 0.987543 0.0332288 -0.0270725 0.999081 -0.100466 0.023582 0.994661 0.0856414 -0.0250415 0.996011 0.10828 -0.979114 0.17208 0.0989058 -0.989317 0.1071 0.436837 -0.879733 0.187733 0.449814 -0.887576 0.0993853 0.350517 -0.932557 -0.0864639 0.384167 -0.831504 -0.40127 0.347796 -0.932148 -0.100691 0.362356 -0.829328 -0.425339 -0.158349 0.365936 0.91707 -0.0647885 0.353971 0.93301 -0.0708781 0.0184288 0.997315 0.191893 -0.973807 0.121969 0.10584 -0.98908 0.102564 0.181693 -0.978124 0.101299 0.277811 -0.956815 -0.0855937 0.315291 -0.948987 -0.00393369 0.270347 -0.962507 -0.0222112 0.109793 -0.96547 -0.236249 -0.291961 -0.920398 -0.260051 0.095832 -0.92769 -0.360842 -0.294528 -0.848264 -0.440114 -0.003345 0.0111156 0.999933 -0.17553 -0.0907334 0.980284 -0.264746 -0.0285266 0.963896 0.242085 -0.958031 -0.15353 0.339513 -0.922655 -0.182865 0.382081 -0.919171 -0.0955975 0.113143 -0.920085 -0.375024 0.176501 -0.946121 -0.271481 0.210849 -0.918902 -0.333409 -0.322878 -0.944054 0.0671768 -0.305528 -0.932607 0.192088 0.0938152 -0.978177 0.185389 0.0280512 -0.0231523 0.999338 0.20819 0.0279815 0.977688 0.0778857 0.0176297 0.996807 0.215404 0.111014 0.970194 0.106129 -0.391705 0.913949 0.334786 -0.032579 0.941731 0.494158 -0.365639 0.788743 0.167005 -0.93015 0.327002 0.395022 -0.874305 0.282045 0.257279 -0.112344 0.959785 0.179355 0.017127 0.983635 0.0936807 -0.0238845 0.995316 0.415621 -0.794189 -0.443309 0.422014 -0.852816 -0.307585 0.10445 -0.951341 -0.289898 0.0120305 -0.99269 0.120093 0.0210994 -0.996207 0.0844125 -0.164659 -0.986303 0.00969343 -0.178127 -0.979208 -0.097074 -0.114634 -0.993227 -0.0189683 -0.0841111 -0.991404 -0.100213 -0.246918 -0.865897 -0.435032 -0.249119 -0.866554 -0.432463 -0.188816 -0.9754 -0.113771 0.250614 0.347908 0.903412 0.170813 0.359728 0.917289 -0.115436 -0.973376 -0.198027 -0.179208 -0.977456 -0.111639 -0.12566 -0.971665 -0.20019 0.0240598 -0.952391 -0.30393 0.0148078 -0.947287 -0.320045 0.174127 -0.409359 0.895603 -0.297477 -0.383059 0.874514 0.0184157 -0.950995 0.308658 -0.334044 -0.89333 0.300626 -0.986686 0.0698453 -0.146875 -0.999747 -0.0190356 0.0120009 -0.992924 0.0161436 -0.117648 -0.99419 -0.0181087 0.106102 -0.226198 -0.968007 0.108614 -0.123859 -0.987376 0.0987269 -0.232988 -0.870785 0.432955 -0.0978183 -0.887708 0.449896 0.0737309 -0.872926 0.482249 -0.285889 -0.807989 0.51519 0.0831845 -0.903072 0.421357 0.427004 -0.803395 0.414999 -0.915475 0.354246 -0.190826 -0.932385 0.347352 -0.100027 -0.996066 0.0111847 -0.0879072 -0.184602 -0.958759 0.216111 -0.105223 -0.988748 0.106332 -0.10989 -0.976492 0.185438 0.0865226 -0.95499 0.283739 0.220335 -0.889193 0.400984 0.0193408 -0.960689 0.276953 0.243275 -0.963693 0.110057 0.306304 -0.907542 -0.287308 0.447817 -0.88962 0.0896462 0.586523 -0.764201 -0.268304 -0.999706 0.00162248 -0.0241831 -0.977028 -0.0968799 -0.189819 -0.962869 -0.049263 -0.265437 0.15881 -0.953993 0.254316 0.215425 -0.878167 0.4271 0.0984757 -0.872431 0.478713 0.430176 -0.895737 0.112267 0.28993 -0.939282 0.183547 0.428168 -0.868746 0.248903 -0.0388074 -0.945325 -0.323813 -0.184377 -0.934042 -0.305893 -0.193387 -0.976614 0.0939471 -0.998888 -0.0222277 0.0415843 -0.977156 0.0297023 0.210437 -0.995476 0.0237678 0.0919948 -0.971538 0.108765 0.21044 -0.913115 -0.39091 0.115801 -0.93818 -0.0354162 0.344331 -0.762556 -0.357145 0.539403 -0.327337 -0.929002 0.172644 -0.27287 -0.85306 0.444782 -0.96002 -0.112059 0.256526 -0.982937 0.0153701 0.183299 -0.994045 -0.0284246 0.105194 0.529556 -0.750773 0.394855 0.305332 -0.853444 0.42238 0.281667 -0.953723 0.105241 -0.129816 -0.991501 0.00858384 -0.0931906 -0.995491 0.0177124 -0.0298221 -0.977486 -0.20888 0.0907687 -0.968763 -0.23078 0.00245167 -0.987954 -0.15473 0.0975808 -0.991663 -0.0841609 0.418734 -0.843018 -0.337612 0.429853 -0.856375 -0.286092 0.115978 -0.972995 -0.199573 -0.902032 0.349218 0.253742 -0.916821 0.358556 0.175717 0.206568 -0.968837 -0.136688 0.112086 -0.963518 -0.243044 0.251018 -0.931901 -0.261821 0.31893 -0.947616 0.0175401 0.451281 -0.891099 -0.0478213 -0.908563 -0.407576 0.0916309 -0.804341 -0.390075 -0.448193 -0.307681 -0.949597 0.0599765 -0.277724 -0.870368 -0.406606 0.187426 -0.859619 -0.475318 0.922436 0.36324 0.13103 -0.189446 -0.821997 -0.537058 0.951118 0.30161 0.0663776 -0.209949 -0.954719 0.210791 -0.458354 -0.854122 -0.24574 0.93138 -0.363936 0.00902739 0.0909444 -0.969885 0.225946 0.291996 -0.951815 -0.0937403 -0.415551 -0.761863 -0.496873 0.740411 -0.458763 -0.491252 0.0215946 -0.772552 -0.634584 -0.286672 -0.919067 0.270434 0.140032 -0.933653 0.32967 0.898939 0.388336 -0.202743 -0.252152 -0.905314 -0.341799 -0.46493 -0.875453 0.131994 0.949245 0.272396 -0.157272 0.881062 -0.421153 -0.215312 0.121341 -0.929112 -0.349323 0.244067 -0.960667 -0.132477 -0.449626 -0.810079 0.376309 0.771562 -0.467692 0.431227 0.0442657 -0.864367 0.500909 -0.466984 -0.871575 -0.149276 0.126516 0.36206 -0.923529 -0.447318 -0.861377 0.240699 0.0581854 0.304706 -0.950668 0.208765 -0.954002 0.215167 -0.241913 -0.85569 0.457463 0.0186651 -0.367161 -0.92997 0.222851 -0.969796 -0.0991666 -0.0940508 -0.951769 -0.292045 -0.490663 -0.788547 0.370733 -0.476597 -0.457753 -0.750545 -0.577764 -0.814429 -0.0537962 0.243348 -0.922706 0.298992 0.329386 -0.933892 -0.139108 -0.203189 0.388447 -0.89879 -0.333658 -0.902835 0.271223 0.131299 -0.875623 0.464807 -0.153836 0.273606 -0.94946 -0.215965 -0.421277 -0.880843 -0.350058 -0.929066 -0.119566 -0.131854 -0.96069 -0.244315 0.36129 -0.852017 0.378861 0.406472 -0.464054 -0.787042 0.428227 -0.900085 -0.0804242 0.463612 -0.875743 0.134678 -0.123913 0.361376 0.92415 0.409096 -0.87443 -0.260793 -0.0536648 0.306401 0.950389 -0.207342 -0.953475 -0.218847 0.240772 -0.856158 -0.457189 -0.0218803 -0.368224 0.929479 -0.221411 -0.969728 0.102981 0.0948236 -0.951624 0.292269 0.487234 -0.800474 -0.349062 0.465966 -0.456932 0.757687 0.54663 -0.834399 0.0705271 -0.228931 -0.924292 -0.305409 -0.329272 -0.933987 0.13874 0.203377 0.388519 0.898716 0.329593 -0.901473 -0.280561 -0.129938 -0.875986 -0.464504 0.152039 0.274264 0.94956 0.215635 -0.421204 0.880959 0.350431 -0.929041 0.118664 0.130951 -0.960728 0.24465 -0.354686 -0.866876 -0.35032 -0.391384 -0.461663 0.796044 -0.393886 -0.914055 0.0967355 -0.232627 -0.843442 0.484243 -0.921571 0.36415 -0.134542 0.0181018 -0.817811 0.575203 -0.951435 0.29903 -0.0731573 0.206024 -0.955237 -0.212314 0.459563 -0.851941 0.250996 -0.932248 -0.361809 -0.00273389 -0.0848269 -0.969901 -0.228249 -0.291644 -0.952046 0.0924729 0.47254 -0.723701 0.502954 -0.732783 -0.459414 0.501964 0.0140973 -0.720919 0.692875 0.2747 -0.914839 -0.29599 -0.140884 -0.933434 -0.329929 -0.899067 0.388231 0.202373 0.239971 -0.906682 0.346902 0.465778 -0.874422 -0.135785 -0.949046 0.271289 0.160359 -0.881399 -0.420958 0.214312 -0.122507 -0.929147 0.348825 -0.243838 -0.960654 0.132991 0.533397 -0.749902 -0.391323 -0.760394 -0.46999 -0.44823 -0.0035931 -0.816602 -0.577189 </float_array>
          <technique_common>
            <accessor count="384" offset="0" source="#meshId0-bitangents-array" stride="3">
              <param name="X" type="float" />
              <param name="Y" type="float" />
              <param name="Z" type="float" />
            </accessor>
          </technique_common>
        </source>
        <source id="meshId0-tex0" name="meshId0-tex0">
          <float_array id="meshId0-tex0-array" count="768"> 0.598333 0.591491 0.59156 0.523921 0.602102 0.590723 0.595811 0.524369 0.752837 0.494724 0.805137 0.490696 0.755657 0.49594 0.80603 0.492165 0.750022 0.496758 0.702746 0.506078 0.746183 0.495655 0.705467 0.503538 0.649013 0.585883 0.60194 0.594373 0.649849 0.58957 0.749514 0.495096 0.713225 0.081381 0.709389 0.0818048 0.705528 0.0824294 0.749514 0.495096 0.709389 0.0818048 0.698581 0.504839 0.697104 0.507137 0.644768 0.514715 0.648155 0.515736 0.652732 0.585899 0.646066 0.519444 0.641239 0.520694 0.702085 0.504185 0.663392 0.0907453 0.667233 0.0899477 0.659735 0.091495 0.702085 0.504185 0.663392 0.0907453 0.716462 0.0791215 0.766171 0.075192 0.765533 0.0768139 0.707755 0.0758455 0.696207 0.00918684 0.713102 0.0757014 0.700169 0.00799586 0.70706 0.0792359 0.664389 0.084341 0.665728 0.087256 0.70706 0.0792359 0.665728 0.087256 0.659426 0.0861511 0.650695 0.0176854 0.646417 0.0180639 0.65762 0.0900898 0.608903 0.0999064 0.605731 0.102383 0.769032 0.0764789 0.808235 0.490487 0.552222 0.108438 0.556304 0.108017 0.591104 0.519282 0.594956 0.519021 0.555652 0.106518 0.602746 0.100851 0.598166 0.103527 0.695929 0.00496667 0.649351 0.0138647 0.601985 0.103046 0.63734 0.515735 0.641085 0.515323 0.601985 0.103046 0.641085 0.515323 0.595431 0.521611 0.639623 0.518029 0.595431 0.521611 0.639623 0.518029 0.326839 0.593748 0.320827 0.5301 0.330358 0.593035 0.324847 0.530577 0.486939 0.500756 0.539537 0.496781 0.488836 0.502201 0.540392 0.498294 0.480391 0.501661 0.483354 0.502987 0.43645 0.510196 0.434421 0.512675 0.3302 0.596483 0.379816 0.591796 0.379066 0.588315 0.483668 0.501113 0.446256 0.077711 0.442498 0.0781184 0.43873 0.0787296 0.483668 0.501113 0.442498 0.0781184 0.429721 0.511466 0.428925 0.513703 0.376395 0.521205 0.378821 0.52243 0.382532 0.588366 0.376637 0.525945 0.372217 0.527093 0.43314 0.510829 0.393374 0.0877465 0.397111 0.0869635 0.389801 0.0884859 0.43314 0.510829 0.393374 0.0877465 0.448365 0.0756091 0.499241 0.0715435 0.49867 0.0731905 0.440104 0.072522 0.429207 0.0103511 0.444987 0.0724379 0.432857 0.00922786 0.439739 0.0757132 0.394678 0.0814514 0.39585 0.0842853 0.439739 0.0757132 0.39585 0.0842853 0.390066 0.0831568 0.381829 0.01926 0.377871 0.0195921 0.388162 0.0868871 0.338318 0.0970911 0.33641 0.0994075 0.502171 0.0728581 0.542648 0.496576 0.280305 0.105637 0.284193 0.105247 0.320401 0.525611 0.324111 0.525382 0.28347 0.103726 0.332369 0.0980122 0.32907 0.100525 0.428922 0.00639833 0.380583 0.0156733 0.332781 0.100059 0.369208 0.522168 0.372831 0.521787 0.332781 0.100059 0.372831 0.521787 0.324529 0.527912 0.370973 0.524479 0.324529 0.527912 0.370973 0.524479 0.0512014 0.595045 0.0455692 0.533246 0.0546039 0.594359 0.0494805 0.533734 0.214332 0.503814 0.267072 0.499866 0.215712 0.505375 0.267909 0.501404 0.207833 0.504706 0.210297 0.506146 0.162171 0.513579 0.160492 0.516024 0.0544458 0.597711 0.104969 0.593107 0.104261 0.589722 0.211083 0.504164 0.172981 0.0755146 0.169248 0.075916 0.165534 0.0765188 0.211083 0.504164 0.169248 0.075916 0.155501 0.514836 0.155061 0.517037 0.102398 0.52451 0.10433 0.525842 0.107608 0.589792 0.102096 0.529267 0.097888 0.530361 0.158887 0.514207 0.118519 0.0858912 0.122201 0.0851173 0.114985 0.0866251 0.158887 0.514207 0.118519 0.0858912 0.174596 0.0734736 0.226106 0.069341 0.225558 0.0710035 0.166543 0.0704781 0.155952 0.0104017 0.171204 0.0704188 0.159458 0.00931047 0.16632 0.0735802 0.120024 0.0796355 0.121089 0.0824386 0.16632 0.0735802 0.121089 0.0824386 0.115604 0.0812812 0.107601 0.0195197 0.103793 0.0198299 0.113649 0.0849145 0.0631925 0.0953095 0.0618593 0.0975553 0.229072 0.070671 0.270193 0.499663 0.00444541 0.10383 0.00824107 0.103459 0.045159 0.528824 0.0487956 0.52861 0.00748756 0.101924 0.0573343 0.0962183 0.0546413 0.0986552 0.155663 0.00657415 0.106401 0.0160423 0.0582878 0.0981996 0.0953266 0.525446 0.0988887 0.525081 0.0582878 0.0981996 0.0988887 0.525081 0.0491887 0.531113 0.0968346 0.527767 0.0491887 0.531113 0.0968346 0.527767 0.791027 0.990983 0.783571 0.919793 0.79503 0.990166 0.788037 0.920211 0.940518 0.89085 0.992495 0.88679 0.944106 0.891875 0.993405 0.88822 0.933746 0.891806 0.938326 0.892724 0.895756 0.899135 0.892573 0.901708 0.794863 0.994001 0.841197 0.989148 0.840283 0.985274 0.937145 0.891235 0.90183 0.486341 0.897927 0.486779 0.893986 0.487416 0.937145 0.891235 0.897927 0.486779 0.88873 0.90046 0.88679 0.902795 0.834581 0.910402 0.838889 0.911237 0.844238 0.985256 0.836886 0.91512 0.831704 0.916448 0.892303 0.899794 0.854877 0.495093 0.858794 0.494285 0.851143 0.495852 0.892303 0.899794 0.854877 0.495093 0.906066 0.483952 0.954713 0.480143 0.954017 0.481741 0.896983 0.480496 0.884776 0.409594 0.902723 0.480297 0.889035 0.40834 0.896002 0.484067 0.855488 0.488603 0.85701 0.491592 0.896002 0.484067 0.85701 0.491592 0.850182 0.4905 0.841002 0.417711 0.836418 0.418134 0.848467 0.494638 0.800779 0.504143 0.796575 0.506734 0.957513 0.481405 0.995564 0.88658 0.745323 0.512654 0.749559 0.512205 0.783087 0.915017 0.787075 0.91473 0.749008 0.510723 0.79442 0.505114 0.788747 0.507915 0.884505 0.405122 0.839568 0.41367 0.792709 0.507412 0.826948 0.911464 0.830801 0.911029 0.792709 0.507412 0.830801 0.911029 0.787601 0.917369 0.829736 0.913737 0.787601 0.917369 0.829736 0.913737 0.753263 0.496119 0.598655 0.594702 0.753263 0.496119 0.653068 0.589248 0.69957 0.506704 0.69957 0.506704 0.713796 0.0793323 0.713796 0.0793323 0.713796 0.0793323 0.660083 0.0895935 0.660083 0.0895935 0.660083 0.0895935 0.552081 0.106947 0.76889 0.0749771 0.699461 0.00429197 0.606391 0.100413 0.606391 0.100413 0.645746 0.0145534 0.591245 0.520772 0.808378 0.491989 0.591245 0.520772 0.645737 0.516161 0.645737 0.516161 0.645737 0.516161 0.486386 0.502386 0.327125 0.596773 0.486386 0.502386 0.382829 0.591512 0.43145 0.513264 0.43145 0.513264 0.445637 0.0758271 0.445637 0.0758271 0.445637 0.0758271 0.390683 0.0863711 0.390683 0.0863711 0.390683 0.0863711 0.28016 0.104113 0.502024 0.0713211 0.432194 0.00577047 0.335748 0.0976173 0.335748 0.0976173 0.377242 0.0163142 0.320547 0.527134 0.542795 0.498112 0.320547 0.527134 0.376346 0.522861 0.376346 0.522861 0.376346 0.522861 0.213231 0.505564 0.0514691 0.597983 0.213231 0.505564 0.107885 0.592841 0.157617 0.516594 0.157617 0.516594 0.171834 0.0736951 0.171834 0.0736951 0.171834 0.0736951 0.116201 0.0843889 0.116201 0.0843889 0.116201 0.0843889 0.00429774 0.102289 0.228923 0.0691149 0.158816 0.00596826 0.0605904 0.0958456 0.0605904 0.0958456 0.103183 0.0166608 0.0453067 0.530365 0.270342 0.501218 0.0453067 0.530365 0.101824 0.526277 0.101824 0.526277 0.101824 0.526277 0.941764 0.892049 0.791382 0.994366 0.941764 0.892049 0.844608 0.988791 0.889204 0.902369 0.889204 0.902369 0.903457 0.484156 0.903457 0.484156 0.903457 0.484156 0.850878 0.494158 0.850878 0.494158 0.850878 0.494158 0.745187 0.511195 0.957375 0.479935 0.888286 0.404403 0.79832 0.504633 0.79832 0.504633 0.835708 0.414404 0.783224 0.916476 0.995702 0.888049 0.783224 0.916476 0.836522 0.911654 0.836522 0.911654 0.836522 0.911654 </float_array>
          <technique_common>
            <accessor count="384" offset="0" source="#meshId0-tex0-array" stride="2">
              <param name="S" type="float" />
              <param name="T" type="float" />
            </accessor>
          </technique_common>
        </source>
        <source id="meshId0-tex1" name="meshId0-tex1">
          <float_array id="meshId0-tex1-array" count="768"> 0 0 0 0 0 0 0 0 0 0 0 0 0 0 0 0 0 0 0 0 0 0 0 0 0 0 0 0 0 0 0 0 0 0 0 0 0 0 0 0 0 0 0 0 0 0 0 0 0 0 0 0 0 0 0 0 0 0 0 0 0 0 0 0 0 0 0 0 0 0 0 0 0 0 0 0 0 0 0 0 0 0 0 0 0 0 0 0 0 0 0 0 0 0 0 0 0 0 0 0 0 0 0 0 0 0 0 0 0 0 0 0 0 0 0 0 0 0 0 0 0 0 0 0 0 0 0 0 0 0 0 0 0 0 0 0 0 0 0 0 0 0 0 0 0 0 0 0 0 0 0 0 0 0 0 0 0 0 0 0 0 0 0 0 0 0 0 0 0 0 0 0 0 0 0 0 0 0 0 0 0 0 0 0 0 0 0 0 0 0 0 0 0 0 0 0 0 0 0 0 0 0 0 0 0 0 0 0 0 0 0 0 0 0 0 0 0 0 0 0 0 0 0 0 0 0 0 0 0 0 0 0 0 0 0 0 0 0 0 0 0 0 0 0 0 0 0 0 0 0 0 0 0 0 0 0 0 0 0 0 0 0 0 0 0 0 0 0 0 0 0 0 0 0 0 0 0 0 0 0 0 0 0 0 0 0 0 0 0 0 0 0 0 0 0 0 0 0 0 0 0 0 0 0 0 0 0 0 0 0 0 0 0 0 0 0 0 0 0 0 0 0 0 0 0 0 0 0 0 0 0 0 0 0 0 0 0 0 0 0 0 0 0 0 0 0 0 0 0 0 0 0 0 0 0 0 0 0 0 0 0 0 0 0 0 0 0 0 0 0 0 0 0 0 0 0 0 0 0 0 0 0 0 0 0 0 0 0 0 0 0 0 0 0 0 0 0 0 0 0 0 0 0 0 0 0 0 0 0 0 0 0 0 0 0 0 0 0 0 0 0 0 0 0 0 0 0 0 0 0 0 0 0 0 0 0 0 0 0 0 0 0 0 0 0 0 0 0 0 0 0 0 0 0 0 0 0 0 0 0 0 0 0 0 0 0 0 0 0 0 0 0 0 0 0 0 0 0 0 0 0 0 0 0 0 0 0 0 0 0 0 0 0 0 0 0 0 0 0 0 0 0 0 0 0 0 0 0 0 0 0 0 0 0 0 0 0 0 0 0 0 0 0 0 0 0 0 0 0 0 0 0 0 0 0 0 0 0 0 0 0 0 0 0 0 0 0 0 0 0 0 0 0 0 0 0 0 0 0 0 0 0 0 0 0 0 0 0 0 0 0 0 0 0 0 0 0 0 0 0 0 0 0 0 0 0 0 0 0 0 0 0 0 0 0 0 0 0 0 0 0 0 0 0 0 0 0 0 0 0 0 0 0 0 0 0 0 0 0 0 0 0 0 0 0 0 0 0 0 0 0 0 0 0 0 0 0 0 0 0 0 0 0 0 0 0 0 0 0 0 0 0 0 0 0 0 0 0 0 0 0 0 0 0 0 0 0 0 0 0 0 0 0 0 0 0 0 0 0 0 0 0 0 0 0 0 0 0 0 0 0 0 0 0 0 0 0 0 0 0 0 0 0 0 0 0 0 0 0 0 0 0 0 0 0 0 0 0 0 0 0 0 0 0 0 0 0 0 0 0 0 0 0 0 0 0 0 0 0 0 0 0 0 0 0 0 0 0 0 0 0 0 0 0 0 0 0 0 0 0 0 0 0 0 0 0 0 0 </float_array>
          <technique_common>
            <accessor count="384" offset="0" source="#meshId0-tex1-array" stride="2">
              <param name="S" type="float" />
              <param name="T" type="float" />
            </accessor>
          </technique_common>
        </source>
        <source id="meshId0-tex2" name="meshId0-tex2">
          <float_array id="meshId0-tex2-array" count="768"> 0.598333 0.591491 0.59156 0.523921 0.602102 0.590723 0.595811 0.524369 0.752837 0.494724 0.805137 0.490696 0.755657 0.49594 0.80603 0.492165 0.750022 0.496758 0.702746 0.506078 0.746183 0.495655 0.705467 0.503538 0.649013 0.585883 0.60194 0.594373 0.649849 0.58957 0.749514 0.495096 0.713225 0.081381 0.709389 0.0818048 0.705528 0.0824294 0.749514 0.495096 0.709389 0.0818048 0.698581 0.504839 0.697104 0.507137 0.644768 0.514715 0.648155 0.515736 0.652732 0.585899 0.646066 0.519444 0.641239 0.520694 0.702085 0.504185 0.663392 0.0907453 0.667233 0.0899477 0.659735 0.091495 0.702085 0.504185 0.663392 0.0907453 0.716462 0.0791215 0.766171 0.075192 0.765533 0.0768139 0.707755 0.0758455 0.696207 0.00918684 0.713102 0.0757014 0.700169 0.00799586 0.70706 0.0792359 0.664389 0.084341 0.665728 0.087256 0.70706 0.0792359 0.665728 0.087256 0.659426 0.0861511 0.650695 0.0176854 0.646417 0.0180639 0.65762 0.0900898 0.608903 0.0999064 0.605731 0.102383 0.769032 0.0764789 0.808235 0.490487 0.552222 0.108438 0.556304 0.108017 0.591104 0.519282 0.594956 0.519021 0.555652 0.106518 0.602746 0.100851 0.598166 0.103527 0.695929 0.00496667 0.649351 0.0138647 0.601985 0.103046 0.63734 0.515735 0.641085 0.515323 0.601985 0.103046 0.641085 0.515323 0.595431 0.521611 0.639623 0.518029 0.595431 0.521611 0.639623 0.518029 0.326839 0.593748 0.320827 0.5301 0.330358 0.593035 0.324847 0.530577 0.486939 0.500756 0.539537 0.496781 0.488836 0.502201 0.540392 0.498294 0.480391 0.501661 0.483354 0.502987 0.43645 0.510196 0.434421 0.512675 0.3302 0.596483 0.379816 0.591796 0.379066 0.588315 0.483668 0.501113 0.446256 0.077711 0.442498 0.0781184 0.43873 0.0787296 0.483668 0.501113 0.442498 0.0781184 0.429721 0.511466 0.428925 0.513703 0.376395 0.521205 0.378821 0.52243 0.382532 0.588366 0.376637 0.525945 0.372217 0.527093 0.43314 0.510829 0.393374 0.0877465 0.397111 0.0869635 0.389801 0.0884859 0.43314 0.510829 0.393374 0.0877465 0.448365 0.0756091 0.499241 0.0715435 0.49867 0.0731905 0.440104 0.072522 0.429207 0.0103511 0.444987 0.0724379 0.432857 0.00922786 0.439739 0.0757132 0.394678 0.0814514 0.39585 0.0842853 0.439739 0.0757132 0.39585 0.0842853 0.390066 0.0831568 0.381829 0.01926 0.377871 0.0195921 0.388162 0.0868871 0.338318 0.0970911 0.33641 0.0994075 0.502171 0.0728581 0.542648 0.496576 0.280305 0.105637 0.284193 0.105247 0.320401 0.525611 0.324111 0.525382 0.28347 0.103726 0.332369 0.0980122 0.32907 0.100525 0.428922 0.00639833 0.380583 0.0156733 0.332781 0.100059 0.369208 0.522168 0.372831 0.521787 0.332781 0.100059 0.372831 0.521787 0.324529 0.527912 0.370973 0.524479 0.324529 0.527912 0.370973 0.524479 0.0512014 0.595045 0.0455692 0.533246 0.0546039 0.594359 0.0494805 0.533734 0.214332 0.503814 0.267072 0.499866 0.215712 0.505375 0.267909 0.501404 0.207833 0.504706 0.210297 0.506146 0.162171 0.513579 0.160492 0.516024 0.0544458 0.597711 0.104969 0.593107 0.104261 0.589722 0.211083 0.504164 0.172981 0.0755146 0.169248 0.075916 0.165534 0.0765188 0.211083 0.504164 0.169248 0.075916 0.155501 0.514836 0.155061 0.517037 0.102398 0.52451 0.10433 0.525842 0.107608 0.589792 0.102096 0.529267 0.097888 0.530361 0.158887 0.514207 0.118519 0.0858912 0.122201 0.0851173 0.114985 0.0866251 0.158887 0.514207 0.118519 0.0858912 0.174596 0.0734736 0.226106 0.069341 0.225558 0.0710035 0.166543 0.0704781 0.155952 0.0104017 0.171204 0.0704188 0.159458 0.00931047 0.16632 0.0735802 0.120024 0.0796355 0.121089 0.0824386 0.16632 0.0735802 0.121089 0.0824386 0.115604 0.0812812 0.107601 0.0195197 0.103793 0.0198299 0.113649 0.0849145 0.0631925 0.0953095 0.0618593 0.0975553 0.229072 0.070671 0.270193 0.499663 0.00444541 0.10383 0.00824107 0.103459 0.045159 0.528824 0.0487956 0.52861 0.00748756 0.101924 0.0573343 0.0962183 0.0546413 0.0986552 0.155663 0.00657415 0.106401 0.0160423 0.0582878 0.0981996 0.0953266 0.525446 0.0988887 0.525081 0.0582878 0.0981996 0.0988887 0.525081 0.0491887 0.531113 0.0968346 0.527767 0.0491887 0.531113 0.0968346 0.527767 0.791027 0.990983 0.783571 0.919793 0.79503 0.990166 0.788037 0.920211 0.940518 0.89085 0.992495 0.88679 0.944106 0.891875 0.993405 0.88822 0.933746 0.891806 0.938326 0.892724 0.895756 0.899135 0.892573 0.901708 0.794863 0.994001 0.841197 0.989148 0.840283 0.985274 0.937145 0.891235 0.90183 0.486341 0.897927 0.486779 0.893986 0.487416 0.937145 0.891235 0.897927 0.486779 0.88873 0.90046 0.88679 0.902795 0.834581 0.910402 0.838889 0.911237 0.844238 0.985256 0.836886 0.91512 0.831704 0.916448 0.892303 0.899794 0.854877 0.495093 0.858794 0.494285 0.851143 0.495852 0.892303 0.899794 0.854877 0.495093 0.906066 0.483952 0.954713 0.480143 0.954017 0.481741 0.896983 0.480496 0.884776 0.409594 0.902723 0.480297 0.889035 0.40834 0.896002 0.484067 0.855488 0.488603 0.85701 0.491592 0.896002 0.484067 0.85701 0.491592 0.850182 0.4905 0.841002 0.417711 0.836418 0.418134 0.848467 0.494638 0.800779 0.504143 0.796575 0.506734 0.957513 0.481405 0.995564 0.88658 0.745323 0.512654 0.749559 0.512205 0.783087 0.915017 0.787075 0.91473 0.749008 0.510723 0.79442 0.505114 0.788747 0.507915 0.884505 0.405122 0.839568 0.41367 0.792709 0.507412 0.826948 0.911464 0.830801 0.911029 0.792709 0.507412 0.830801 0.911029 0.787601 0.917369 0.829736 0.913737 0.787601 0.917369 0.829736 0.913737 0.753263 0.496119 0.598655 0.594702 0.753263 0.496119 0.653068 0.589248 0.69957 0.506704 0.69957 0.506704 0.713796 0.0793323 0.713796 0.0793323 0.713796 0.0793323 0.660083 0.0895935 0.660083 0.0895935 0.660083 0.0895935 0.552081 0.106947 0.76889 0.0749771 0.699461 0.00429197 0.606391 0.100413 0.606391 0.100413 0.645746 0.0145534 0.591245 0.520772 0.808378 0.491989 0.591245 0.520772 0.645737 0.516161 0.645737 0.516161 0.645737 0.516161 0.486386 0.502386 0.327125 0.596773 0.486386 0.502386 0.382829 0.591512 0.43145 0.513264 0.43145 0.513264 0.445637 0.0758271 0.445637 0.0758271 0.445637 0.0758271 0.390683 0.0863711 0.390683 0.0863711 0.390683 0.0863711 0.28016 0.104113 0.502024 0.0713211 0.432194 0.00577047 0.335748 0.0976173 0.335748 0.0976173 0.377242 0.0163142 0.320547 0.527134 0.542795 0.498112 0.320547 0.527134 0.376346 0.522861 0.376346 0.522861 0.376346 0.522861 0.213231 0.505564 0.0514691 0.597983 0.213231 0.505564 0.107885 0.592841 0.157617 0.516594 0.157617 0.516594 0.171834 0.0736951 0.171834 0.0736951 0.171834 0.0736951 0.116201 0.0843889 0.116201 0.0843889 0.116201 0.0843889 0.00429774 0.102289 0.228923 0.0691149 0.158816 0.00596826 0.0605904 0.0958456 0.0605904 0.0958456 0.103183 0.0166608 0.0453067 0.530365 0.270342 0.501218 0.0453067 0.530365 0.101824 0.526277 0.101824 0.526277 0.101824 0.526277 0.941764 0.892049 0.791382 0.994366 0.941764 0.892049 0.844608 0.988791 0.889204 0.902369 0.889204 0.902369 0.903457 0.484156 0.903457 0.484156 0.903457 0.484156 0.850878 0.494158 0.850878 0.494158 0.850878 0.494158 0.745187 0.511195 0.957375 0.479935 0.888286 0.404403 0.79832 0.504633 0.79832 0.504633 0.835708 0.414404 0.783224 0.916476 0.995702 0.888049 0.783224 0.916476 0.836522 0.911654 0.836522 0.911654 0.836522 0.911654 </float_array>
          <technique_common>
            <accessor count="384" offset="0" source="#meshId0-tex2-array" stride="2">
              <param name="S" type="float" />
              <param name="T" type="float" />
            </accessor>
          </technique_common>
        </source>
        <source id="meshId0-tex3" name="meshId0-tex3">
          <float_array id="meshId0-tex3-array" count="768"> 0 0 0 0 0 0 0 0 0 0 0 0 0 0 0 0 0 0 0 0 0 0 0 0 0 0 0 0 0 0 0 0 0 0 0 0 0 0 0 0 0 0 0 0 0 0 0 0 0 0 0 0 0 0 0 0 0 0 0 0 0 0 0 0 0 0 0 0 0 0 0 0 0 0 0 0 0 0 0 0 0 0 0 0 0 0 0 0 0 0 0 0 0 0 0 0 0 0 0 0 0 0 0 0 0 0 0 0 0 0 0 0 0 0 0 0 0 0 0 0 0 0 0 0 0 0 0 0 0 0 0 0 0 0 0 0 0 0 0 0 0 0 0 0 0 0 0 0 0 0 0 0 0 0 0 0 0 0 0 0 0 0 0 0 0 0 0 0 0 0 0 0 0 0 0 0 0 0 0 0 0 0 0 0 0 0 0 0 0 0 0 0 0 0 0 0 0 0 0 0 0 0 0 0 0 0 0 0 0 0 0 0 0 0 0 0 0 0 0 0 0 0 0 0 0 0 0 0 0 0 0 0 0 0 0 0 0 0 0 0 0 0 0 0 0 0 0 0 0 0 0 0 0 0 0 0 0 0 0 0 0 0 0 0 0 0 0 0 0 0 0 0 0 0 0 0 0 0 0 0 0 0 0 0 0 0 0 0 0 0 0 0 0 0 0 0 0 0 0 0 0 0 0 0 0 0 0 0 0 0 0 0 0 0 0 0 0 0 0 0 0 0 0 0 0 0 0 0 0 0 0 0 0 0 0 0 0 0 0 0 0 0 0 0 0 0 0 0 0 0 0 0 0 0 0 0 0 0 0 0 0 0 0 0 0 0 0 0 0 0 0 0 0 0 0 0 0 0 0 0 0 0 0 0 0 0 0 0 0 0 0 0 0 0 0 0 0 0 0 0 0 0 0 0 0 0 0 0 0 0 0 0 0 0 0 0 0 0 0 0 0 0 0 0 0 0 0 0 0 0 0 0 0 0 0 0 0 0 0 0 0 0 0 0 0 0 0 0 0 0 0 0 0 0 0 0 0 0 0 0 0 0 0 0 0 0 0 0 0 0 0 0 0 0 0 0 0 0 0 0 0 0 0 0 0 0 0 0 0 0 0 0 0 0 0 0 0 0 0 0 0 0 0 0 0 0 0 0 0 0 0 0 0 0 0 0 0 0 0 0 0 0 0 0 0 0 0 0 0 0 0 0 0 0 0 0 0 0 0 0 0 0 0 0 0 0 0 0 0 0 0 0 0 0 0 0 0 0 0 0 0 0 0 0 0 0 0 0 0 0 0 0 0 0 0 0 0 0 0 0 0 0 0 0 0 0 0 0 0 0 0 0 0 0 0 0 0 0 0 0 0 0 0 0 0 0 0 0 0 0 0 0 0 0 0 0 0 0 0 0 0 0 0 0 0 0 0 0 0 0 0 0 0 0 0 0 0 0 0 0 0 0 0 0 0 0 0 0 0 0 0 0 0 0 0 0 0 0 0 0 0 0 0 0 0 0 0 0 0 0 0 0 0 0 0 0 0 0 0 0 0 0 0 0 0 0 0 0 0 0 0 0 0 0 0 0 0 0 0 0 0 0 0 0 0 0 0 0 0 0 0 0 0 0 0 0 0 0 0 0 0 0 0 0 0 0 0 0 0 0 0 0 0 0 0 0 0 0 0 0 0 0 0 0 0 0 0 0 0 0 0 0 0 0 0 0 0 0 0 0 0 0 0 0 0 0 0 0 </float_array>
          <technique_common>
            <accessor count="384" offset="0" source="#meshId0-tex3-array" stride="2">
              <param name="S" type="float" />
              <param name="T" type="float" />
            </accessor>
          </technique_common>
        </source>
        <vertices id="meshId0-vertices">
          <input semantic="POSITION" source="#meshId0-positions" />
        </vertices>
        <polylist count="432" material="defaultMaterial">
          <input offset="0" semantic="VERTEX" source="#meshId0-vertices" />
          <input offset="0" semantic="NORMAL" source="#meshId0-normals" />
          <input offset="0" semantic="TANGENT" source="#meshId0-tangents" />
          <input offset="0" semantic="BINORMAL" source="#meshId0-bitangents" />
          <input offset="0" semantic="TEXCOORD" source="#meshId0-tex0" set="0" />
          <input offset="0" semantic="TEXCOORD" source="#meshId0-tex1" set="1" />
          <input offset="0" semantic="TEXCOORD" source="#meshId0-tex2" set="2" />
          <input offset="0" semantic="TEXCOORD" source="#meshId0-tex3" set="3" />
          <vcount>3 3 3 3 3 3 3 3 3 3 3 3 3 3 3 3 3 3 3 3 3 3 3 3 3 3 3 3 3 3 3 3 3 3 3 3 3 3 3 3 3 3 3 3 3 3 3 3 3 3 3 3 3 3 3 3 3 3 3 3 3 3 3 3 3 3 3 3 3 3 3 3 3 3 3 3 3 3 3 3 3 3 3 3 3 3 3 3 3 3 3 3 3 3 3 3 3 3 3 3 3 3 3 3 3 3 3 3 3 3 3 3 3 3 3 3 3 3 3 3 3 3 3 3 3 3 3 3 3 3 3 3 3 3 3 3 3 3 3 3 3 3 3 3 3 3 3 3 3 3 3 3 3 3 3 3 3 3 3 3 3 3 3 3 3 3 3 3 3 3 3 3 3 3 3 3 3 3 3 3 3 3 3 3 3 3 3 3 3 3 3 3 3 3 3 3 3 3 3 3 3 3 3 3 3 3 3 3 3 3 3 3 3 3 3 3 3 3 3 3 3 3 3 3 3 3 3 3 3 3 3 3 3 3 3 3 3 3 3 3 3 3 3 3 3 3 3 3 3 3 3 3 3 3 3 3 3 3 3 3 3 3 3 3 3 3 3 3 3 3 3 3 3 3 3 3 3 3 3 3 3 3 3 3 3 3 3 3 3 3 3 3 3 3 3 3 3 3 3 3 3 3 3 3 3 3 3 3 3 3 3 3 3 3 3 3 3 3 3 3 3 3 3 3 3 3 3 3 3 3 3 3 3 3 3 3 3 3 3 3 3 3 3 3 3 3 3 3 3 3 3 3 3 3 3 3 3 3 3 3 3 3 3 3 3 3 3 3 3 3 3 3 3 3 3 3 3 3 3 3 3 3 3 3 3 3 3 3 3 3 3 3 3 3 3 3 3 3 3 3 3 3 3 3 3 3 3 3 3 3 3 3 3 3 3 3 3 3 3 3 3 3 3 3 3 3 3 3 3 3 3 3 </vcount>
          <p>0 1 2 2 1 3 4 5 6 6 5 7 8 9 10 10 9 11 2 12 13 13 12 14 4 15 16 16 15 17 10 18 19 19 18 20 21 22 23 23 22 24 25 12 26 26 12 27 28 29 11 11 29 30 21 31 32 32 31 33 34 35 16 16 35 36 37 38 39 39 38 40 37 41 42 42 41 43 44 18 45 45 18 30 42 46 47 47 46 48 49 31 50 50 31 51 36 52 5 5 52 53 54 55 56 56 55 57 58 59 55 55 59 60 38 47 61 61 47 62 60 63 64 64 63 65 51 23 66 66 23 67 3 68 27 27 68 69 70 57 71 71 57 64 72 73 74 74 73 75 76 77 78 78 77 79 80 81 82 82 81 83 84 74 85 85 74 86 76 87 88 88 87 89 80 90 91 91 90 92 93 94 95 95 94 96 97 86 98 98 86 99 100 101 82 82 101 102 93 103 104 104 103 105 106 107 88 88 107 108 109 110 111 111 110 112 109 113 114 114 113 115 116 90 117 117 90 102 114 118 119 119 118 120 121 103 122 122 103 123 108 124 77 77 124 125 126 127 128 128 127 129 130 131 127 127 131 132 110 119 133 133 119 134 132 135 136 136 135 137 123 95 138 138 95 139 140 141 75 75 141 99 129 136 142 142 136 143 144 145 146 146 145 147 148 149 150 150 149 151 152 153 154 154 153 155 156 146 157 157 146 158 148 159 160 160 159 161 152 162 163 163 162 164 165 166 167 167 166 168 169 158 170 170 158 171 172 173 154 154 173 174 165 175 176 176 175 177 178 179 160 160 179 180 181 182 183 183 182 184 181 185 186 186 185 187 188 162 189 189 162 174 186 190 191 191 190 192 193 175 194 194 175 195 180 196 149 149 196 197 198 199 200 200 199 201 202 203 199 199 203 204 182 191 205 205 191 206 204 207 208 208 207 209 195 167 210 210 167 211 212 213 147 147 213 171 201 208 214 214 208 215 216 217 218 218 217 219 220 221 222 222 221 223 224 225 226 226 225 227 228 218 229 229 218 230 220 231 232 232 231 233 224 234 235 235 234 236 237 238 239 239 238 240 241 230 242 242 230 243 244 245 226 226 245 246 237 247 248 248 247 249 250 251 232 232 251 252 253 254 255 255 254 256 253 257 258 258 257 259 260 234 261 261 234 246 258 262 263 263 262 264 265 247 266 266 247 267 252 268 221 221 268 269 270 271 272 272 271 273 274 275 271 271 275 276 254 263 277 277 263 278 276 279 280 280 279 281 267 239 282 282 239 283 219 284 243 243 284 285 273 280 286 286 280 287 11 30 10 10 30 18 37 42 38 38 42 47 55 60 57 57 60 64 3 27 2 2 27 12 23 51 21 21 51 31 5 4 36 36 4 16 82 102 80 80 102 90 109 114 110 110 114 119 127 132 129 129 132 136 75 99 74 74 99 86 95 123 93 93 123 103 77 76 108 108 76 88 154 174 152 152 174 162 181 186 182 182 186 191 199 204 201 201 204 208 147 171 146 146 171 158 167 195 165 165 195 175 149 148 180 180 148 160 226 246 224 224 246 234 253 258 254 254 258 263 271 276 273 273 276 280 219 243 218 218 243 230 239 267 237 237 267 247 221 220 252 252 220 232 15 4 288 288 4 6 0 2 289 289 2 13 8 10 290 290 10 19 14 12 291 291 12 25 22 21 292 292 21 32 28 11 293 293 11 9 41 37 294 294 37 39 34 16 295 295 16 17 20 18 296 296 18 44 33 31 297 297 31 49 46 42 298 298 42 43 45 30 299 299 30 29 58 55 300 300 55 54 52 36 301 301 36 35 40 38 302 302 38 61 50 51 303 303 51 66 63 60 304 304 60 59 62 47 305 305 47 48 68 3 306 306 3 1 7 5 307 307 5 53 56 57 308 308 57 70 67 23 309 309 23 24 26 27 310 310 27 69 71 64 311 311 64 65 87 76 312 312 76 78 72 74 313 313 74 84 81 80 314 314 80 91 85 86 315 315 86 97 94 93 316 316 93 104 100 82 317 317 82 83 113 109 318 318 109 111 106 88 319 319 88 89 92 90 320 320 90 116 105 103 321 321 103 121 118 114 322 322 114 115 117 102 323 323 102 101 130 127 324 324 127 126 124 108 325 325 108 107 112 110 326 326 110 133 122 123 327 327 123 138 135 132 328 328 132 131 134 119 329 329 119 120 140 75 330 330 75 73 79 77 331 331 77 125 128 129 332 332 129 142 139 95 333 333 95 96 98 99 334 334 99 141 143 136 335 335 136 137 159 148 336 336 148 150 144 146 337 337 146 156 153 152 338 338 152 163 157 158 339 339 158 169 166 165 340 340 165 176 172 154 341 341 154 155 185 181 342 342 181 183 178 160 343 343 160 161 164 162 344 344 162 188 177 175 345 345 175 193 190 186 346 346 186 187 189 174 347 347 174 173 202 199 348 348 199 198 196 180 349 349 180 179 184 182 350 350 182 205 194 195 351 351 195 210 207 204 352 352 204 203 206 191 353 353 191 192 212 147 354 354 147 145 151 149 355 355 149 197 200 201 356 356 201 214 211 167 357 357 167 168 170 171 358 358 171 213 215 208 359 359 208 209 231 220 360 360 220 222 216 218 361 361 218 228 225 224 362 362 224 235 229 230 363 363 230 241 238 237 364 364 237 248 244 226 365 365 226 227 257 253 366 366 253 255 250 232 367 367 232 233 236 234 368 368 234 260 249 247 369 369 247 265 262 258 370 370 258 259 261 246 371 371 246 245 274 271 372 372 271 270 268 252 373 373 252 251 256 254 374 374 254 277 266 267 375 375 267 282 279 276 376 376 276 275 278 263 377 377 263 264 284 219 378 378 219 217 223 221 379 379 221 269 272 273 380 380 273 286 283 239 381 381 239 240 242 243 382 382 243 285 287 280 383 383 280 281 </p>
        </polylist>
      </mesh>
    </geometry>
    <geometry id="meshId1" name="meshId1_name" >
      <mesh>
        <source id="meshId1-positions" name="meshId1-positions">
          <float_array id="meshId1-positions-array" count="2304"> -0.352074 -0.562524 -0.399856 -0.351978 -0.562509 -0.51183 -0.344301 -0.565936 -0.399739 -0.343941 -0.565936 -0.511992 -0.354878 -0.554476 -0.39956 -0.3549 -0.554419 -0.511332 -0.352074 -0.562524 -0.399856 -0.351978 -0.562509 -0.51183 -0.343748 -0.554823 -0.387713 -0.34421 -0.562712 -0.391445 0.37342 -0.567966 -0.365451 0.373976 -0.576046 -0.36887 -0.34421 -0.562712 -0.391445 0.373976 -0.576046 -0.36887 0.374173 -0.57939 -0.377058 -0.351638 -0.554651 -0.391306 -0.346143 -0.436804 -0.392809 -0.342837 -0.437212 -0.384891 -0.351638 -0.554651 -0.391306 -0.342837 -0.437212 -0.384891 -0.334796 -0.437473 -0.381476 0.384855 -0.567756 -0.37675 0.382027 -0.575928 -0.376848 0.384896 -0.567872 -0.511332 0.381975 -0.575962 -0.51183 0.382027 -0.575928 -0.376848 0.381975 -0.575962 -0.51183 0.373938 -0.57939 -0.511992 0.381482 -0.567858 -0.368635 0.372819 -0.451767 -0.368016 0.364817 -0.451947 -0.364908 0.376156 -0.451407 -0.375848 0.381482 -0.567858 -0.368635 0.372819 -0.451767 -0.368016 -0.342326 -0.428951 -0.39236 -0.342364 -0.425263 -0.502053 -0.346121 -0.433157 -0.502583 -0.334118 -0.425772 -0.392069 -0.334281 -0.422058 -0.501861 -0.342326 -0.428951 -0.39236 -0.342364 -0.425263 -0.502053 -0.334276 -0.429372 -0.384344 0.36426 -0.440217 -0.375911 0.364363 -0.443806 -0.368088 -0.334276 -0.429372 -0.384344 0.364363 -0.443806 -0.368088 0.372371 -0.443451 -0.375807 0.372358 -0.438754 -0.50205 0.364269 -0.435549 -0.501853 0.372371 -0.443451 -0.375807 0.372358 -0.438754 -0.50205 0.376118 -0.446647 -0.502585 -0.342827 -0.432941 -0.510471 -0.351506 -0.554414 -0.51952 -0.334875 -0.432878 -0.513739 -0.343311 -0.554411 -0.522912 -0.342827 -0.432941 -0.510471 -0.351506 -0.554414 -0.51952 -0.334419 -0.425047 -0.509935 0.364863 -0.446342 -0.51374 0.364403 -0.438517 -0.509932 -0.334419 -0.425047 -0.509935 0.364403 -0.438517 -0.509932 0.37282 -0.446408 -0.510472 0.373308 -0.567865 -0.522912 0.381503 -0.567871 -0.51952 0.37282 -0.446408 -0.510472 0.381503 -0.567871 -0.51952 -0.34378 -0.562504 -0.520014 0.373781 -0.575957 -0.520014 -0.34378 -0.562504 -0.520014 0.373781 -0.575957 -0.520014 0.430515 -0.562519 -0.352086 0.51178 -0.5625 -0.351977 0.430462 -0.565936 -0.344306 0.511872 -0.565936 -0.343944 0.430209 -0.554453 -0.354902 0.511301 -0.554389 -0.354898 0.430515 -0.562519 -0.352086 0.51178 -0.5625 -0.351977 0.418457 -0.554792 -0.34374 0.422181 -0.562703 -0.344208 0.402406 -0.554591 0.402148 0.406141 -0.562646 0.402626 0.414431 -0.565936 0.402585 0.422181 -0.562703 -0.344208 0.406141 -0.562646 0.402626 0.421984 -0.554625 -0.351647 0.423435 -0.432759 -0.34612 0.415499 -0.432935 -0.342782 0.421984 -0.554625 -0.351647 0.415499 -0.432935 -0.342782 0.412084 -0.433116 -0.334673 0.413882 -0.554239 0.413165 0.414239 -0.562454 0.410359 0.503497 -0.554522 0.410534 0.503964 -0.562538 0.407604 0.414239 -0.562454 0.410359 0.503964 -0.562538 0.407604 0.504149 -0.565936 0.399561 0.405704 -0.554406 0.410044 0.399248 -0.433165 0.401201 0.396081 -0.433341 0.393087 0.407128 -0.432971 0.404415 0.405704 -0.554406 0.410044 0.399248 -0.433165 0.401201 0.423038 -0.424884 -0.342289 0.502035 -0.424904 -0.342391 0.502535 -0.432825 -0.346125 0.422795 -0.421686 -0.334018 0.501824 -0.421686 -0.334367 0.423038 -0.424884 -0.342289 0.502035 -0.424904 -0.342391 0.415012 -0.425073 -0.334162 0.406782 -0.421686 0.39228 0.399003 -0.425141 0.392567 0.415012 -0.425073 -0.334162 0.399003 -0.425141 0.392567 0.40677 -0.424945 0.400567 0.494227 -0.42486 0.398012 0.494111 -0.421686 0.38999 0.40677 -0.424945 0.400567 0.494227 -0.42486 0.398012 0.494727 -0.432676 0.401738 0.510412 -0.432823 -0.34284 0.519467 -0.554384 -0.351488 0.513615 -0.432817 -0.334933 0.52279 -0.554383 -0.343282 0.510412 -0.432823 -0.34284 0.519467 -0.554384 -0.351488 0.509859 -0.4249 -0.334499 0.505889 -0.43267 0.390359 0.50214 -0.424857 0.389955 0.509859 -0.4249 -0.334499 0.50214 -0.424857 0.389955 0.502598 -0.432664 0.398292 0.515087 -0.554518 0.398716 0.51167 -0.554528 0.40696 0.502598 -0.432664 0.398292 0.51167 -0.554528 0.40696 0.519893 -0.562496 -0.343763 0.51218 -0.562535 0.399216 0.519893 -0.562496 -0.343763 0.51218 -0.562535 0.399216 0.352087 -0.562513 0.388748 0.351977 -0.562499 0.511777 0.344308 -0.565936 0.388738 0.343944 -0.565936 0.511865 0.354901 -0.554434 0.38843 0.354898 -0.554388 0.511299 0.352087 -0.562513 0.388748 0.351977 -0.562499 0.511777 0.343721 -0.554774 0.376733 0.344196 -0.562698 0.380459 -0.37947 -0.554681 0.365761 -0.379995 -0.562641 0.369578 0.344196 -0.562698 0.380459 -0.379995 -0.562641 0.369578 -0.380147 -0.565881 0.377888 0.351637 -0.554605 0.380219 0.346121 -0.43277 0.381651 0.342777 -0.432948 0.373721 0.351637 -0.554605 0.380219 0.342777 -0.432948 0.373721 0.334661 -0.433129 0.370333 -0.39069 -0.554291 0.377212 -0.387893 -0.562431 0.377679 -0.390698 -0.554444 0.503145 -0.387773 -0.562513 0.503663 -0.387893 -0.562431 0.377679 -0.387773 -0.562513 0.503663 -0.379734 -0.565932 0.503898 -0.387393 -0.554483 0.369055 -0.378511 -0.433136 0.360887 -0.370312 -0.433333 0.357737 -0.381925 -0.432931 0.368743 -0.387393 -0.554483 0.369055 -0.378511 -0.433136 0.360887 0.342289 -0.424888 0.38126 0.342392 -0.424905 0.502032 0.346125 -0.432827 0.502534 0.334017 -0.421687 0.381043 0.334368 -0.421686 0.501817 0.342289 -0.424888 0.38126 0.342392 -0.424905 0.502032 0.334159 -0.425078 0.373259 -0.369763 -0.421741 0.368318 -0.369853 -0.42519 0.360569 0.334159 -0.425078 0.373259 -0.369853 -0.42519 0.360569 -0.378073 -0.424975 0.368322 -0.370166 -0.42169 0.493847 -0.378186 -0.424891 0.493915 -0.378073 -0.424975 0.368322 -0.378186 -0.424891 0.493915 -0.381916 -0.432768 0.494373 0.342839 -0.432824 0.510409 0.351487 -0.554384 0.519464 0.334932 -0.432819 0.513608 0.343281 -0.554382 0.522782 0.342839 -0.432824 0.510409 0.351487 -0.554384 0.519464 0.334495 -0.424901 0.509852 -0.370791 -0.432751 0.505635 -0.370326 -0.424882 0.501882 0.334495 -0.424901 0.509852 -0.370326 -0.424882 0.501882 -0.378665 -0.432756 0.502292 -0.379137 -0.554439 0.514822 -0.38732 -0.554445 0.511356 -0.378665 -0.432756 0.502292 -0.38732 -0.554445 0.511356 0.343766 -0.562496 0.519886 -0.379587 -0.56251 0.511921 0.343766 -0.562496 0.519886 -0.379587 -0.56251 0.511921 -0.42965 -0.562671 0.352169 -0.505803 -0.562583 0.352009 -0.429571 -0.566252 0.344508 -0.505915 -0.566133 0.343997 -0.429109 -0.554583 0.354912 -0.505316 -0.554447 0.354902 -0.42965 -0.562671 0.352169 -0.505803 -0.562583 0.352009 -0.417295 -0.555306 0.343936 -0.421263 -0.563108 0.344417 -0.390517 -0.575208 -0.390041 -0.393961 -0.583167 -0.390538 -0.421263 -0.563108 0.344417 -0.393961 -0.583167 -0.390538 -0.402241 -0.586075 -0.390728 -0.420897 -0.554886 0.351724 -0.417251 -0.432846 0.346126 -0.409262 -0.433126 0.342752 -0.420897 -0.554886 0.351724 -0.409262 -0.433126 0.342752 -0.405838 -0.433542 0.334551 -0.401925 -0.582791 -0.3988 -0.500462 -0.575963 -0.398887 -0.401821 -0.57467 -0.401761 -0.499857 -0.567927 -0.401775 -0.401925 -0.582791 -0.3988 -0.500462 -0.575963 -0.398887 -0.500768 -0.579263 -0.390977 -0.393679 -0.575169 -0.3983 -0.394902 -0.453464 -0.389703 -0.391778 -0.45351 -0.3818 -0.393679 -0.575169 -0.3983 -0.394902 -0.453464 -0.389703 -0.402707 -0.452943 -0.392998 -0.41657 -0.42503 0.342215 -0.495957 -0.424977 0.342369 -0.496452 -0.432864 0.346128 -0.416253 -0.422013 0.33381 -0.495769 -0.421875 0.334326 -0.41657 -0.42503 0.342215 -0.495957 -0.424977 0.342369 -0.408514 -0.425466 0.333987 -0.402739 -0.441526 -0.381343 -0.394983 -0.445323 -0.381418 -0.408514 -0.425466 0.333987 -0.394983 -0.445323 -0.381418 -0.402696 -0.444931 -0.38931 -0.490605 -0.438347 -0.38923 -0.490404 -0.435034 -0.381089 -0.491176 -0.446251 -0.392992 -0.402696 -0.444931 -0.38931 -0.490605 -0.438347 -0.38923 -0.504366 -0.432887 0.342849 -0.513453 -0.554476 0.351499 -0.507604 -0.43299 0.334953 -0.516781 -0.554595 0.343302 -0.504366 -0.432887 0.342849 -0.513453 -0.554476 0.351499 -0.503833 -0.425078 0.334493 -0.502337 -0.445498 -0.38165 -0.49849 -0.437761 -0.381195 -0.503833 -0.425078 0.334493 -0.49849 -0.437761 -0.381195 -0.499035 -0.445742 -0.389675 -0.511515 -0.56713 -0.390409 -0.50807 -0.567404 -0.398451 -0.499035 -0.445742 -0.389675 -0.50807 -0.567404 -0.398451 -0.5139 -0.562691 0.343794 -0.508717 -0.575369 -0.390867 -0.5139 -0.562691 0.343794 -0.508717 -0.575369 -0.390867 -0.38238 0.705224 0.47337 -0.38994 0.708537 0.473002 -0.383146 0.698219 0.399358 -0.390607 0.701552 0.399024 -0.38994 0.708537 0.473002 -0.392503 0.716276 0.472104 -0.390607 0.701552 0.399024 -0.393129 0.709334 0.398148 -0.381414 0.717159 0.483262 -0.382102 0.709183 0.480902 0.482319 0.717056 0.483264 0.482868 0.709077 0.480921 -0.382102 0.709183 0.480902 0.482868 0.709077 0.480921 0.483091 0.705121 0.473434 -0.389222 0.716935 0.479996 -0.37652 0.837763 0.465126 -0.379635 0.83771 0.45758 -0.389222 0.716935 0.479996 -0.37652 0.837763 0.465126 -0.369001 0.837797 0.468251 0.490691 0.708407 0.473069 0.491237 0.701396 0.398961 0.493381 0.716134 0.472168 0.493887 0.709159 0.398087 0.483734 0.698095 0.399297 0.490691 0.708407 0.473069 0.491237 0.701396 0.398961 0.490114 0.716812 0.480016 0.479896 0.837842 0.46511 0.472384 0.83791 0.468249 0.490114 0.716812 0.480016 0.479896 0.837842 0.46511 0.483008 0.837756 0.457531 -0.375875 0.845219 0.456828 -0.379653 0.837394 0.382572 -0.375711 0.844953 0.381794 -0.375875 0.845219 0.456828 -0.368182 0.84825 0.456611 -0.375711 0.844953 0.381794 -0.367563 0.848005 0.381564 -0.36838 0.845268 0.464365 0.471717 0.848369 0.456562 0.471885 0.845388 0.46435 -0.36838 0.845268 0.464365 0.471885 0.845388 0.46435 0.479374 0.845306 0.456776 0.479205 0.845045 0.381844 0.471096 0.848125 0.381613 0.483022 0.837454 0.382619 0.479374 0.845306 0.456776 0.479205 0.845045 0.381844 -0.376353 0.837074 0.375026 -0.389997 0.708433 0.390259 -0.368384 0.836773 0.371901 -0.382324 0.707966 0.386993 -0.376353 0.837074 0.375026 -0.389997 0.708433 0.390259 -0.367714 0.844613 0.374278 0.471763 0.836899 0.371898 0.471215 0.844737 0.374291 -0.367714 0.844613 0.374278 0.471215 0.844737 0.374291 0.479725 0.837168 0.375038 0.483079 0.707842 0.386995 0.490748 0.708284 0.390243 0.479725 0.837168 0.375038 0.490748 0.708284 0.390243 -0.383002 0.700629 0.391125 0.483624 0.700505 0.391108 -0.383002 0.700629 0.391125 0.483624 0.700505 0.391108 0.473447 0.677273 0.382458 0.473122 0.680502 0.390027 0.399388 0.670262 0.383117 0.399086 0.67351 0.390657 0.473122 0.680502 0.390027 0.472351 0.688223 0.392695 0.399086 0.67351 0.390657 0.398327 0.681271 0.393311 0.481006 0.681207 0.382236 0.481038 0.690113 -0.477694 0.483487 0.68918 0.381667 0.483424 0.698087 -0.47741 0.481006 0.681207 0.382236 0.481038 0.690113 -0.477694 0.473634 0.686188 -0.477837 0.480228 0.688895 0.389432 0.464909 0.837687 0.37633 0.457343 0.83764 0.379457 0.480228 0.688895 0.389432 0.464909 0.837687 0.37633 0.468044 0.837716 0.368785 0.473307 0.689484 -0.485482 0.398866 0.68244 -0.485995 0.472495 0.697206 -0.488413 0.398081 0.69019 -0.488897 0.399178 0.679132 -0.4784 0.473307 0.689484 -0.485482 0.398866 0.68244 -0.485995 0.480225 0.697884 -0.485164 0.464936 0.837731 -0.47943 0.468104 0.837844 -0.471906 0.480225 0.697884 -0.485164 0.464936 0.837731 -0.47943 0.457286 0.837602 -0.482549 0.456708 0.845191 0.375789 0.38239 0.837348 0.379483 0.381737 0.844932 0.375659 0.456708 0.845191 0.375789 0.456523 0.848249 0.368095 0.381737 0.844932 0.375659 0.381545 0.848005 0.367583 0.464269 0.845235 0.36826 0.45642 0.848369 -0.471576 0.46426 0.845364 -0.471669 0.464269 0.845235 0.36826 0.46426 0.845364 -0.471669 0.456609 0.845236 -0.479174 0.381883 0.844988 -0.479037 0.381674 0.848125 -0.471034 0.382567 0.837338 -0.482584 0.456609 0.845236 -0.479174 0.381883 0.844988 -0.479037 0.374824 0.837074 0.376203 0.390449 0.680436 0.390164 0.371691 0.836818 0.368281 0.387184 0.680081 0.382457 0.374824 0.837074 0.376203 0.390449 0.680436 0.390164 0.374194 0.844642 0.367715 0.371749 0.836939 -0.471381 0.374254 0.844762 -0.47109 0.374194 0.844642 0.367715 0.374254 0.844762 -0.47109 0.374918 0.837131 -0.479305 0.387131 0.688929 -0.478076 0.390339 0.689369 -0.485754 0.374918 0.837131 -0.479305 0.390339 0.689369 -0.485754 0.3912 0.672703 0.383011 0.391121 0.681567 -0.478357 0.3912 0.672703 0.383011 0.391121 0.681567 -0.478357 0.375507 0.677855 -0.473251 0.383191 0.681159 -0.47301 0.376504 0.675529 -0.39924 0.383903 0.678863 -0.399032 0.383191 0.681159 -0.47301 0.385895 0.68891 -0.472322 0.383903 0.678863 -0.399032 0.38647 0.686672 -0.398351 0.374692 0.689223 -0.48347 0.375259 0.681385 -0.480894 -0.482355 0.689123 -0.483471 -0.482806 0.681278 -0.48091 0.375259 0.681385 -0.480894 -0.482806 0.681278 -0.48091 -0.483006 0.677748 -0.473304 0.382583 0.689137 -0.48021 0.369527 0.837686 -0.46491 0.372655 0.83764 -0.457343 0.382583 0.689137 -0.48021 0.369527 0.837686 -0.46491 0.361983 0.837716 -0.468044 -0.490724 0.681029 -0.473064 -0.491324 0.678714 -0.398976 -0.493535 0.688771 -0.472372 -0.494003 0.686503 -0.398295 -0.483888 0.675408 -0.399186 -0.490724 0.681029 -0.473064 -0.491324 0.678714 -0.398976 -0.490235 0.689017 -0.480224 -0.479736 0.837775 -0.464896 -0.472197 0.837831 -0.468042 -0.490235 0.689017 -0.480224 -0.479736 0.837775 -0.464896 -0.482862 0.837702 -0.4573 0.368985 0.845191 -0.456707 0.37271 0.837356 -0.382424 0.368865 0.844936 -0.381747 0.368985 0.845191 -0.456707 0.361292 0.848249 -0.456523 0.368865 0.844936 -0.381747 0.360774 0.848005 -0.381548 0.361461 0.845235 -0.464269 -0.471636 0.848369 -0.45648 -0.471779 0.845355 -0.464256 0.361461 0.845235 -0.464269 -0.471779 0.845355 -0.464256 -0.479299 0.845284 -0.456662 -0.479174 0.845032 -0.381792 -0.471117 0.848125 -0.381591 -0.482909 0.837425 -0.382466 -0.479299 0.845284 -0.456662 -0.479174 0.845032 -0.381792 0.369428 0.837074 -0.374862 0.383375 0.68621 -0.390442 0.361495 0.836809 -0.37173 0.375797 0.685888 -0.387162 0.369428 0.837074 -0.374862 0.383375 0.68621 -0.390442 0.360907 0.844637 -0.37421 -0.471702 0.836934 -0.371728 -0.471222 0.844759 -0.374221 0.360907 0.844637 -0.37421 -0.471222 0.844759 -0.374221 -0.479629 0.837172 -0.374873 -0.483325 0.685762 -0.387165 -0.4909 0.686061 -0.390427 -0.479629 0.837172 -0.374873 -0.4909 0.686061 -0.390427 0.376396 0.678378 -0.391112 -0.483807 0.678255 -0.391098 0.376396 0.678378 -0.391112 -0.483807 0.678255 -0.391098 -0.473278 0.673631 -0.373241 -0.473055 0.676881 -0.380987 -0.399154 0.671882 -0.374302 -0.398964 0.675203 -0.381725 -0.473055 0.676881 -0.380987 -0.472393 0.684607 -0.383835 -0.398964 0.675203 -0.381725 -0.398312 0.683007 -0.384412 -0.483496 0.684923 -0.372621 -0.480905 0.677104 -0.373041 -0.483489 0.688896 0.482541 -0.481036 0.680922 0.483013 -0.480905 0.677104 -0.373041 -0.481036 0.680922 0.483013 -0.473548 0.677 0.483205 -0.48025 0.684804 -0.38052 -0.464869 0.837641 -0.370326 -0.457267 0.837565 -0.373455 -0.48025 0.684804 -0.38052 -0.464869 0.837641 -0.370326 -0.468017 0.837701 -0.362785 -0.473226 0.680299 0.490786 -0.39901 0.673323 0.491284 -0.47245 0.688045 0.493537 -0.398253 0.681075 0.494034 -0.399313 0.670052 0.483717 -0.473226 0.680299 0.490786 -0.39901 0.673323 0.491284 -0.480257 0.688696 0.49029 -0.464896 0.837775 0.479738 -0.468042 0.837831 0.472198 -0.480257 0.688696 0.49029 -0.464896 0.837775 0.479738 -0.4573 0.837702 0.482863 -0.456644 0.845156 -0.369913 -0.38245 0.837295 -0.373518 -0.381789 0.844907 -0.369802 -0.456644 0.845156 -0.369913 -0.456466 0.848249 -0.362255 -0.381789 0.844907 -0.369802 -0.381591 0.848005 -0.361754 -0.464243 0.845231 -0.36239 -0.45648 0.848369 0.471637 -0.464257 0.845355 0.471777 -0.464243 0.845231 -0.36239 -0.464257 0.845355 0.471777 -0.456663 0.845284 0.479301 -0.38178 0.845029 0.479165 -0.381586 0.848125 0.471122 -0.382431 0.837418 0.482883 -0.456663 0.845284 0.479301 -0.38178 0.845029 0.479165 -0.374853 0.837049 -0.370241 -0.390449 0.682622 -0.381325 -0.371706 0.836819 -0.362318 -0.387187 0.682323 -0.373769 -0.374853 0.837049 -0.370241 -0.390449 0.682622 -0.381325 -0.374213 0.844643 -0.361856 -0.371688 0.836943 0.471689 -0.374205 0.844765 0.471226 -0.374213 0.844643 -0.361856 -0.374205 0.844765 0.471226 -0.374835 0.837172 0.479605 -0.387186 0.679865 0.483181 -0.390428 0.680248 0.490881 -0.374835 0.837172 0.479605 -0.390428 0.680248 0.490881 -0.391092 0.674787 -0.374236 -0.391178 0.672497 0.483629 -0.391092 0.674787 -0.374236 -0.391178 0.672497 0.483629 -0.350579 -0.561149 -0.393074 -0.350579 -0.561149 -0.393074 -0.350579 -0.561149 -0.393074 0.380444 -0.57448 -0.370197 0.380444 -0.57448 -0.370197 0.380444 -0.57448 -0.370197 -0.340936 -0.430691 -0.385985 -0.340936 -0.430691 -0.385985 -0.340936 -0.430691 -0.385985 0.370955 -0.445177 -0.369424 0.370955 -0.445177 -0.369424 0.370955 -0.445177 -0.369424 -0.340976 -0.42651 -0.508578 -0.340976 -0.42651 -0.508578 -0.340976 -0.42651 -0.508578 0.370967 -0.439983 -0.508575 0.370967 -0.439983 -0.508575 0.370967 -0.439983 -0.508575 -0.350393 -0.560993 -0.518429 -0.350393 -0.560993 -0.518429 -0.350393 -0.560993 -0.518429 0.380392 -0.574448 -0.518429 0.380392 -0.574448 -0.518429 0.380392 -0.574448 -0.518429 0.423754 -0.561139 -0.350583 0.423754 -0.561139 -0.350583 0.423754 -0.561139 -0.350583 0.40751 -0.561047 0.408979 0.40751 -0.561047 0.408979 0.40751 -0.561047 0.408979 0.416636 -0.426439 -0.340879 0.416636 -0.426439 -0.340879 0.416636 -0.426439 -0.340879 0.400409 -0.426536 0.399277 0.400409 -0.426536 0.399277 0.400409 -0.426536 0.399277 0.508541 -0.426338 -0.341007 0.508541 -0.426338 -0.341007 0.508541 -0.426338 -0.341007 0.500739 -0.426271 0.396484 0.500739 -0.426271 0.396484 0.500739 -0.426271 0.396484 0.518367 -0.560981 -0.350379 0.518367 -0.560981 -0.350379 0.518367 -0.560981 -0.350379 0.510568 -0.561041 0.405864 0.510568 -0.561041 0.405864 0.510568 -0.561041 0.405864 0.350575 -0.56113 0.381995 0.350575 -0.56113 0.381995 0.350575 -0.56113 0.381995 -0.386357 -0.561051 0.37094 -0.386357 -0.561051 0.37094 -0.386357 -0.561051 0.37094 0.340877 -0.426445 0.374861 0.340877 -0.426445 0.374861 0.340877 -0.426445 0.374861 -0.376616 -0.426565 0.361982 -0.376616 -0.426565 0.361982 -0.376616 -0.426565 0.361982 0.341005 -0.426338 0.508537 0.341005 -0.426338 0.508537 0.341005 -0.426338 0.508537 -0.376824 -0.426311 0.500445 -0.376824 -0.426311 0.500445 -0.376824 -0.426311 0.500445 0.350381 -0.560981 0.518363 0.350381 -0.560981 0.518363 0.350381 -0.560981 0.518363 -0.386199 -0.561005 0.510275 -0.386199 -0.561005 0.510275 -0.386199 -0.561005 0.510275 -0.422869 -0.561377 0.350696 -0.422869 -0.561377 0.350696 -0.422869 -0.561377 0.350696 -0.395243 -0.581691 -0.397181 -0.395243 -0.581691 -0.397181 -0.395243 -0.581691 -0.397181 -0.410177 -0.426656 0.340799 -0.410177 -0.426656 0.340799 -0.410177 -0.426656 0.340799 -0.396343 -0.446813 -0.387904 -0.396343 -0.446813 -0.387904 -0.396343 -0.446813 -0.387904 -0.502492 -0.426421 0.341 -0.502492 -0.426421 0.341 -0.502492 -0.426421 0.341 -0.497117 -0.439355 -0.387819 -0.497117 -0.439355 -0.387819 -0.497117 -0.439355 -0.387819 -0.512363 -0.561081 0.350405 -0.512363 -0.561081 0.350405 -0.512363 -0.561081 0.350405 -0.507055 -0.574035 -0.397352 -0.507055 -0.574035 -0.397352 -0.507055 -0.574035 -0.397352 -0.388354 0.710535 0.479286 -0.388354 0.710535 0.479286 -0.388354 0.710535 0.479286 0.489137 0.71041 0.479315 0.489137 0.71041 0.479315 0.489137 0.71041 0.479315 -0.374599 0.843902 0.463096 -0.374599 0.843902 0.463096 -0.374599 0.843902 0.463096 0.478081 0.844 0.463074 0.478081 0.844 0.463074 0.478081 0.844 0.463074 -0.374334 0.843354 0.375778 -0.374334 0.843354 0.375778 -0.374334 0.843354 0.375778 0.477812 0.843458 0.375798 0.477812 0.843458 0.375798 0.477812 0.843458 0.375798 -0.38914 0.702288 0.392422 -0.38914 0.702288 0.392422 -0.38914 0.702288 0.392422 0.489784 0.702143 0.392397 0.489784 0.702143 0.392397 0.489784 0.702143 0.392397 0.479415 0.682499 0.388474 0.479415 0.682499 0.388474 0.479415 0.682499 0.388474 0.479472 0.691474 -0.483975 0.479472 0.691474 -0.483975 0.479472 0.691474 -0.483975 0.462978 0.84386 0.37449 0.462978 0.84386 0.37449 0.462978 0.84386 0.37449 0.462957 0.843934 -0.477837 0.462957 0.843934 -0.477837 0.462957 0.843934 -0.477837 0.375679 0.843359 0.374279 0.375679 0.843359 0.374279 0.375679 0.843359 0.374279 0.375763 0.843435 -0.477615 0.375763 0.843435 -0.477615 0.375763 0.843435 -0.477615 0.392514 0.674285 0.389202 0.392514 0.674285 0.389202 0.392514 0.674285 0.389202 0.392404 0.683215 -0.484574 0.392404 0.683215 -0.484574 0.392404 0.683215 -0.484574 0.381605 0.6828 -0.479331 0.381605 0.6828 -0.479331 0.381605 0.6828 -0.479331 -0.489166 0.682677 -0.479354 -0.489166 0.682677 -0.479354 -0.489166 0.682677 -0.479354 0.367687 0.84386 -0.462978 0.367687 0.84386 -0.462978 0.367687 0.84386 -0.462978 -0.477987 0.843962 -0.462959 -0.477987 0.843962 -0.462959 -0.477987 0.843962 -0.462959 0.367485 0.843358 -0.375698 0.367485 0.843358 -0.375698 0.367485 0.843358 -0.375698 -0.477779 0.843463 -0.375716 -0.477779 0.843463 -0.375716 -0.477779 0.843463 -0.375716 0.382469 0.679967 -0.392462 0.382469 0.679967 -0.392462 0.382469 0.679967 -0.392462 -0.4899 0.679825 -0.392439 -0.4899 0.679825 -0.392439 -0.4899 0.679825 -0.392439 -0.479356 0.678485 -0.379423 -0.479356 0.678485 -0.379423 -0.479356 0.678485 -0.379423 -0.479458 0.682282 0.489255 -0.479458 0.682282 0.489255 -0.479458 0.682282 0.489255 -0.462943 0.843833 -0.368596 -0.462943 0.843833 -0.368596 -0.462943 0.843833 -0.368596 -0.462959 0.843961 0.477987 -0.462959 0.843961 0.477987 -0.462959 0.843961 0.477987 -0.375707 0.843342 -0.368406 -0.375707 0.843342 -0.368406 -0.375707 0.843342 -0.368406 -0.375697 0.843465 0.477771 -0.375697 0.843465 0.477771 -0.375697 0.843465 0.477771 -0.392439 0.676363 -0.380315 -0.392439 0.676363 -0.380315 -0.392439 0.676363 -0.380315 -0.392481 0.674101 0.489836 -0.392481 0.674101 0.489836 -0.392481 0.674101 0.489836 </float_array>
          <technique_common>
            <accessor count="768" offset="0" source="#meshId1-positions-array" stride="3">
              <param name="X" type="float" />
              <param name="Y" type="float" />
              <param name="Z" type="float" />
            </accessor>
          </technique_common>
        </source>
        <source id="meshId1-normals" name="meshId1-normals">
          <float_array id="meshId1-normals-array" count="2304"> -0.402124 -0.91548 0.0138872 -0.392991 -0.919394 -0.0165049 -0.0237071 -0.999403 0.0251345 -0.0230804 -0.999333 -0.0282841 -0.998575 0.0467925 0.0256538 -0.998515 0.0459912 -0.0291879 -0.943929 -0.329853 0.0140042 -0.940741 -0.338671 -0.0175569 -0.0313427 -0.0748982 0.996698 -0.038494 -0.425249 0.904258 -0.0266659 -0.0364972 0.998978 -0.0333356 -0.391392 0.91962 -0.0309688 -0.931468 0.362502 -0.0265065 -0.925729 0.377258 -0.0144193 -0.999614 0.0237422 -0.929718 0.034433 0.366659 -0.994715 0.0977674 0.0313723 -0.919854 0.0622903 0.387285 -0.414874 -0.0342963 0.909232 -0.392031 -0.0059158 0.919933 -0.0283457 -0.0261298 0.999257 0.998632 0.0463974 0.0241355 0.944733 -0.327573 0.013246 0.998666 0.0454529 -0.0244925 0.940733 -0.338848 -0.0142851 0.40299 -0.915108 0.013281 0.392955 -0.919459 -0.0134817 -0.0138683 -0.999619 -0.0238474 0.367247 0.00639083 0.930101 0.361345 0.0355765 0.931753 -0.0254895 0.0121453 0.999601 0.994782 0.0983493 0.0271258 0.921814 0.051317 0.384221 0.915713 0.0799552 0.393798 -0.899648 0.435535 0.0307123 -0.902759 0.430147 -0.000434092 -0.994895 0.0978825 -0.024569 0.014311 0.998012 0.0613742 0.0146315 0.999875 0.00601937 -0.362498 0.930797 0.0470303 -0.368849 0.929349 0.0161254 0.00642993 0.906376 0.422423 0.0235618 0.99777 0.0624434 0.0114878 0.908938 0.416772 -0.0173709 0.334574 0.942209 -0.0123339 0.362909 0.931743 0.369426 0.928004 0.0482911 0.368724 0.929299 0.0210958 0.0240355 0.99964 0.011924 0.902675 0.429351 0.0289111 0.902873 0.429896 0.00308277 0.995015 0.0975264 -0.0208101 -0.918492 0.106955 -0.380701 -0.920965 0.0785969 -0.381636 -0.00239737 0.0986989 -0.995114 -0.00399663 0.0467299 -0.9989 -0.378697 0.108266 -0.919167 -0.38121 0.080289 -0.920996 0.00600741 0.436593 -0.899639 0.00593425 0.0974966 -0.995218 0.0106582 0.43809 -0.898868 0.015447 0.93761 -0.347345 0.0204573 0.93857 -0.344481 0.378494 0.108306 -0.919245 0.00575378 0.0461718 -0.998917 0.381214 0.0802947 -0.920993 0.918456 0.107051 -0.38076 0.920968 0.0786303 -0.381621 -0.0195924 -0.919036 -0.393686 -0.0146079 -0.919359 -0.393147 -0.0089499 -0.336669 -0.941581 -0.00351214 -0.337306 -0.941389 -0.0189243 -0.915343 -0.40223 0.022619 -0.918843 -0.393975 -0.0348133 -0.999381 -0.00507293 0.0382229 -0.999261 -0.00402097 -0.0339146 0.0457276 -0.998378 0.039571 0.0468955 -0.998116 -0.0186738 -0.330752 -0.943533 0.0239209 -0.337452 -0.941039 -0.996624 -0.077817 -0.0261584 -0.905067 -0.424701 -0.0219787 -0.996587 -0.0808027 -0.0168618 -0.906712 -0.421416 -0.0167976 -0.0348934 -0.999383 0.00401196 -0.36385 -0.931402 -0.0101526 -0.368921 -0.929446 -0.00527001 -0.369164 0.0333481 -0.928766 -0.0399256 0.0952094 -0.994656 -0.388095 0.0609842 -0.9196 -0.912476 -0.0340739 -0.407708 -0.921217 -0.00648747 -0.388996 -0.999301 -0.0273785 -0.0254582 -0.00219402 0.0480002 0.998845 0.0092352 -0.323879 0.946054 0.0647554 0.0483525 0.996729 0.048845 -0.340411 0.939007 -0.00798228 -0.912692 0.408571 0.0309579 -0.92002 0.390647 0.033053 -0.999443 0.00451949 -0.921833 -0.0361288 0.385901 -0.931121 -0.00848185 0.364612 -0.999398 -0.029735 -0.0178748 -0.00739861 0.0968464 0.995272 -0.357801 0.0342067 0.933171 -0.37822 0.0619452 0.923641 -0.0233985 0.436406 -0.899446 0.0192643 0.427966 -0.903589 0.0344966 0.0960732 -0.994776 -0.0380362 0.999264 -0.00489873 0.0376011 0.999285 -0.00394828 -0.0221323 0.931963 -0.361877 0.0205554 0.928108 -0.371743 -0.39892 0.916919 -0.0111135 -0.0382723 0.999261 0.00364939 -0.406127 0.913795 -0.00629194 -0.93895 0.343295 -0.0228522 -0.942179 0.334606 -0.0183774 -0.0108772 0.930595 0.36589 0.027378 0.929685 0.367336 0.0324053 0.999465 0.00445103 0.00530123 0.432478 0.901629 0.0432014 0.432338 0.900676 0.0606139 0.0979239 0.993346 0.38273 0.106231 -0.917732 0.384054 0.0784316 -0.919973 0.995247 0.0971701 0.00646323 0.998941 0.0456452 0.00578773 0.921412 0.107636 -0.373382 0.923942 0.0798848 -0.3741 0.903557 0.428406 0.00731309 0.995067 0.0981602 0.0143301 0.901283 0.433072 0.011775 0.371467 0.928445 0.00147251 0.367411 0.930038 0.00617453 0.918295 0.107899 0.38091 0.998766 0.0473595 0.0149724 0.920775 0.0801729 0.381766 0.398674 0.106861 0.910846 0.399524 0.0791155 0.913302 0.39415 -0.919044 0.00164795 0.390232 -0.920695 0.00629216 0.941614 -0.336619 0.0071197 0.940283 -0.34017 0.0123093 0.402704 -0.915239 -0.0129627 0.39385 -0.919047 0.0153195 0.00488266 -0.9997 -0.0239906 0.0042982 -0.99965 0.0261111 0.998664 0.04621 -0.0231087 0.998592 0.0456518 0.0270203 0.943947 -0.32985 -0.0127206 0.941062 -0.337847 0.0161893 0.0200033 -0.078458 -0.996717 0.016375 -0.424705 -0.905184 0.0122249 -0.0928871 -0.995602 0.0107982 -0.432971 -0.901343 0.0078362 -0.931253 -0.36429 0.00283432 -0.931673 -0.363287 -0.00444175 -0.999687 -0.0246233 0.928204 0.0331955 -0.370588 0.994988 0.0962556 -0.0270783 0.919218 0.0608362 -0.38902 0.403399 -0.0346028 -0.91437 0.386122 -0.00698235 -0.922421 0.0196131 -0.0292993 -0.999378 -0.998661 0.0466437 -0.0223678 -0.945204 -0.326228 -0.0128543 -0.998621 0.0454943 0.0261915 -0.940335 -0.339892 0.0155944 -0.406604 -0.9135 -0.0137834 -0.39227 -0.919738 0.0143597 -0.00480286 -0.999688 0.0245266 -0.38455 -0.0489899 -0.921803 -0.360026 -0.0216614 -0.932691 0.0136902 -0.0431127 -0.998976 -0.994979 0.0963556 -0.0270571 -0.926168 0.0277414 -0.376089 -0.915232 0.0551139 -0.39914 0.899548 0.436538 -0.0157278 0.903974 0.427392 0.0129091 0.995158 0.095486 0.023292 0.00470604 0.999654 -0.0258892 0.00422738 0.999668 0.0254308 0.361673 0.932185 -0.0149289 0.371963 0.928145 0.0137814 0.00955635 0.916759 -0.399327 -0.00407366 0.999632 -0.0268118 0.0046544 0.91356 -0.406676 0.0191511 0.342672 -0.93926 0.0144877 0.327787 -0.944641 -0.362947 0.931679 -0.0156138 -0.00475289 0.999711 0.0235545 -0.370534 0.92874 0.0121132 -0.900281 0.435016 -0.0159855 -0.903331 0.428784 0.0117285 -0.995158 0.0957133 0.0223658 0.91767 0.106248 0.382875 0.919911 0.0784463 0.3842 -0.00700009 0.0971263 0.995247 -0.00630173 0.0456004 0.99894 0.372914 0.107624 0.921603 0.373669 0.0798646 0.924117 -0.00788071 0.428312 0.903597 -0.0151304 0.098127 0.995059 -0.0124708 0.431137 0.9022 -0.00167854 0.928422 0.371524 -0.00660351 0.929369 0.369093 -0.388548 0.108199 0.915054 -0.0157869 0.047514 0.998746 -0.388751 0.080492 0.91782 -0.919903 0.106015 0.377543 -0.921965 0.0782025 0.379295 -0.00183035 -0.919023 0.3942 -0.0067461 -0.91977 0.3924 -0.0076504 -0.336589 0.94162 -0.0130433 -0.337507 0.941233 0.0182252 -0.905727 0.423469 -0.025991 -0.913302 0.406453 0.0269446 -0.999326 0.0249109 -0.042008 -0.998876 0.0219469 0.033396 0.0461999 0.998374 -0.041962 0.0474533 0.997992 0.0181903 -0.323079 0.946197 -0.0262638 -0.333578 0.942357 0.99371 -0.107823 0.0302373 0.891741 -0.450066 0.0473132 0.999249 -0.0216809 0.032117 0.916013 -0.39893 0.0421347 0.353979 -0.934355 0.0409842 0.330574 -0.943125 0.0351464 -0.0359504 -0.999135 0.0208973 0.363596 0.0194485 0.931354 0.0418588 0.095144 0.994583 0.39011 0.0461363 0.919612 0.903971 -0.069742 0.421868 0.920558 -0.0434977 0.388176 0.997436 -0.0668564 0.0255425 -0.00373906 -0.342534 -0.939498 -0.0401941 -0.335556 -0.941162 0.0368662 0.0435136 -0.998372 -0.0280035 0.0470178 -0.998501 -0.0455339 -0.924707 -0.377947 -0.0796377 -0.919057 -0.385995 -0.0965803 -0.995152 0.0185574 0.93378 0.0185433 -0.357367 0.929226 0.0465144 -0.366573 0.999367 0.020199 0.0292723 0.393433 0.0530368 -0.917822 0.392316 0.0809225 -0.916264 0.0367734 0.0923196 -0.99505 0.025542 0.445661 0.894838 -0.0189273 0.432196 0.901581 -0.0349734 0.0967662 0.994693 0.0454033 0.998858 -0.0149018 -0.0356404 0.999264 -0.0141575 0.0243045 0.940135 0.339934 -0.0193228 0.933016 0.359315 0.407942 0.912888 -0.0148153 0.108114 0.9937 -0.0295241 0.439437 0.89807 -0.0190865 0.948956 0.315198 0.0115208 0.931383 0.363991 0.00594131 0.0872902 0.916206 -0.391084 0.0486846 0.924406 -0.378289 0.0349598 0.998963 -0.0291551 -0.0269016 0.0975518 -0.994867 0.0485203 0.418169 -0.907072 0.0123498 0.428992 -0.903224 -0.380942 0.106503 0.918444 -0.38492 0.078588 0.919598 -0.995194 0.0978043 -0.00476527 -0.998916 0.0464265 -0.00337267 -0.920413 0.108014 0.375731 -0.923923 0.0804429 0.374025 -0.90291 0.429666 -0.0118313 -0.995079 0.0982543 -0.0128011 -0.894906 0.445939 -0.0167741 -0.369316 0.929153 -0.0167566 -0.319642 0.947278 -0.022185 -0.917838 0.109153 -0.381652 -0.998789 0.0474825 -0.0128601 -0.915204 0.0807537 -0.394818 -0.380668 0.108139 -0.918367 -0.370168 0.0790074 -0.925599 -0.396482 -0.917902 0.0160662 -0.439757 -0.898061 0.00997208 -0.94216 -0.33516 0.00173731 -0.946903 -0.321495 -0.00402221 -0.00377594 -0.991219 0.13218 -0.403785 -0.908033 0.111504 -0.00389025 -0.998419 0.0560697 -0.409455 -0.909801 0.0678926 -0.949638 -0.307562 0.0599436 -0.995674 0.0842821 0.0391164 -0.951578 -0.306995 0.0159149 -0.99637 0.0769419 -0.0364267 -0.00405112 0.0954243 0.995428 -0.00230737 -0.283578 0.958946 0.00403178 0.0953301 0.995438 0.00214954 -0.281492 0.959561 -0.00209776 -0.885152 0.465298 0.00183726 -0.884201 0.467103 0.00349569 -0.991176 0.132508 -0.919502 0.128107 0.371625 -0.913929 0.152986 0.375937 -0.991306 0.127679 0.0317856 -0.385533 0.137218 0.912434 -0.379522 0.1637 0.910585 -0.00320051 0.143497 0.989646 0.94487 -0.321956 0.0596987 0.946699 -0.321727 0.0158731 0.99716 0.0641241 0.0394854 0.997727 0.0567735 -0.0363093 0.00358964 -0.998415 0.0561711 0.399169 -0.910123 0.111091 0.404411 -0.912071 0.0676673 0.384789 0.12986 0.913824 0.382115 0.156211 0.910816 0.00334989 0.144231 0.989538 0.920965 0.109569 0.373922 0.917222 0.134582 0.374956 0.993681 0.107641 0.0317946 -0.892911 0.449935 0.016402 -0.991221 0.124166 -0.0454259 -0.888769 0.457146 -0.0332692 -0.36612 0.930424 0.0163251 -0.00366926 0.999429 0.0335793 -0.352308 0.935478 -0.0275586 -0.0035467 0.999014 -0.0442442 -0.00207619 0.933365 0.358923 0.0034311 0.99943 0.0335691 0.00185324 0.933926 0.357462 -0.00182151 0.461585 0.887094 0.00175772 0.462489 0.886623 0.371034 0.928475 0.0163557 0.356602 0.933849 -0.0275706 0.00330185 0.999019 -0.0441672 0.99352 0.104269 -0.0452369 0.899787 0.436019 0.0164753 0.895475 0.443865 -0.0333052 -0.913749 0.0672413 -0.400676 -0.926755 0.0395299 -0.373581 -0.00313793 -0.0954033 -0.995434 -0.00415621 -0.142111 -0.989842 -0.367338 -0.0577209 -0.928295 -0.394583 -0.0810936 -0.915275 -0.00182542 0.290285 -0.956939 0.00329627 -0.0942754 -0.995541 0.00179938 0.292108 -0.956384 -0.00211386 0.906596 -0.421995 0.00189353 0.907563 -0.419912 0.368875 -0.0645537 -0.927235 0.0041343 -0.141902 -0.989872 0.392782 -0.0885423 -0.915359 0.915904 0.0491589 -0.398377 0.927045 0.0208648 -0.374369 -0.00218356 -0.959719 -0.280952 0.00187462 -0.959312 -0.282341 -0.00236197 -0.490543 -0.871414 0.0021465 -0.488829 -0.872377 0.131783 -0.991257 -0.00656735 0.111161 -0.912258 0.394244 0.0556714 -0.998428 -0.00653822 0.0680297 -0.915289 0.397012 0.0600916 -0.320651 0.945289 0.0394852 0.0715137 0.996658 0.0166906 -0.322231 0.946514 -0.0365916 0.0645209 0.997245 0.954828 -0.297158 -0.000782408 0.958073 -0.286478 -0.00510284 0.996727 0.0807019 0.00485782 0.996301 0.0858509 -0.00376337 0.461534 -0.887093 -0.00718294 0.468493 -0.883398 -0.0110294 0.132555 -0.991079 -0.0138184 0.372553 0.108116 0.921691 0.377825 0.128634 0.916898 0.0332225 0.107737 0.993624 0.914365 0.115665 0.388018 0.914403 0.137656 0.38068 0.992619 0.121199 0.00418087 0.06118 -0.348571 -0.935284 0.0179594 -0.34938 -0.936809 0.042611 0.0247296 -0.998786 -0.034595 0.0179449 -0.99924 0.0559295 -0.998337 -0.0139599 0.110569 -0.910837 -0.397681 0.0677405 -0.913639 -0.400842 0.918501 0.103778 -0.381556 0.913681 0.126172 -0.386353 0.991726 0.128322 -0.00346999 0.381481 0.0674383 -0.921913 0.374897 0.0892198 -0.922763 0.033564 0.0635848 -0.997412 0.0171564 0.438926 0.898359 -0.043723 0.103909 0.993625 -0.0271566 0.448181 0.89353 0.0167383 0.929252 0.369066 0.0339093 0.999418 0.00368853 -0.0270233 0.933745 0.356918 -0.0438751 0.999031 0.00358114 0.36264 0.931927 0.00206445 0.0337064 0.999426 -0.00350256 0.357859 0.933774 -0.00187091 0.893644 0.448773 0.00186907 0.890404 0.455168 -0.00179386 0.0168 0.924498 -0.380816 -0.0271919 0.930054 -0.366416 -0.0437514 0.999037 -0.00337983 -0.0433696 0.0603021 -0.997238 0.017386 0.406641 -0.913422 -0.0272797 0.418484 -0.907814 -0.398783 0.0535383 0.915481 -0.374569 0.0332033 0.926604 -0.996708 -0.0810343 0.00241015 -0.992778 -0.119933 0.00296681 -0.927984 -0.0487787 0.369412 -0.917455 -0.0686049 0.39188 -0.952407 0.304825 0.00179182 -0.996522 -0.083254 -0.00354617 -0.952345 0.305016 -0.00195077 -0.415973 0.909375 0.00209269 -0.41283 0.910806 -0.00195234 -0.925512 -0.0686422 -0.372446 -0.992283 -0.123922 -0.00430186 -0.917051 -0.0903853 -0.388393 -0.394268 0.0116196 -0.918922 -0.375778 -0.0109455 -0.926645 -0.285667 -0.958298 -0.00776023 -0.289372 -0.957144 -0.0118312 -0.878188 -0.478308 -0.00257317 -0.879294 -0.476228 -0.00691507 0.00374858 -0.99751 -0.0704196 0.396851 -0.916203 -0.0555141 0.00393702 -0.999973 0.00624954 0.41109 -0.91153 -0.0108611 0.944489 -0.325749 -0.042758 0.996382 0.0710211 -0.0466732 0.949557 -0.313582 0.00268268 0.997239 0.0675932 0.0307388 0.00399028 0.0802629 -0.996766 0.00227671 -0.312063 -0.950059 -0.00399096 0.0800983 -0.996779 -0.00212768 -0.310179 -0.950676 0.00211205 -0.907827 -0.41934 -0.00185102 -0.907059 -0.421 -0.00347168 -0.997487 -0.0707641 0.917757 0.107637 -0.382279 0.91664 0.129148 -0.378274 0.993276 0.110211 -0.0354336 0.380342 0.115316 -0.917629 0.380455 0.137175 -0.914569 0.00329928 0.120373 -0.992723 -0.940326 -0.337712 -0.041671 -0.945168 -0.326564 0.0035373 -0.997493 0.0539225 -0.0458315 -0.998239 0.0502759 0.0314903 -0.00363853 -0.999974 0.00615686 -0.393035 -0.917876 -0.0550208 -0.406458 -0.913609 -0.0105504 -0.379869 0.109133 -0.91858 -0.382501 0.130837 -0.914644 -0.00344264 0.120973 -0.99265 -0.919039 0.091999 -0.383279 -0.919096 0.113539 -0.377322 -0.995055 0.0929114 -0.0351086 0.898205 0.439229 -0.0175089 0.993281 0.107262 0.0434497 0.892465 0.450299 0.0271581 0.369063 0.929252 -0.0168255 0.00371965 0.999418 -0.0339159 0.356035 0.93408 0.0270674 0.0036063 0.999028 0.0439422 0.00210833 0.931923 -0.362651 -0.00347148 0.999419 -0.0339065 -0.00187677 0.932415 -0.361385 0.00187548 0.448712 -0.893675 -0.00180493 0.449604 -0.893226 -0.37307 0.92765 -0.0168345 -0.359771 0.932648 0.0270769 -0.00335462 0.999031 0.0438866 -0.995009 0.089877 0.043357 -0.903856 0.427479 -0.0175025 -0.898237 0.438672 0.0271623 0.915138 0.0555671 0.399292 0.929518 0.036027 0.367013 0.00321737 -0.0834583 0.996506 0.00416497 -0.123058 0.992391 0.369165 -0.050072 0.928014 0.398721 -0.0696784 0.914421 0.00186886 0.302122 0.953268 -0.00337334 -0.0825374 0.996582 -0.00183375 0.303694 0.952768 0.0021352 0.90887 0.417073 -0.00190828 0.909645 0.415381 -0.370534 -0.0561358 0.927121 -0.00415964 -0.122997 0.992398 -0.396853 -0.0763539 0.914701 -0.916808 0.0397324 0.397346 -0.929376 0.0196248 0.368612 0.00219803 -0.943667 0.33089 -0.00189556 -0.943289 0.331969 0.00233669 -0.465336 0.885131 -0.00213693 -0.463999 0.885833 -0.0661728 -0.997797 -0.00478348 -0.0484993 -0.919993 -0.388923 0.0140657 -0.999884 -0.00590548 -0.00344445 -0.912752 -0.4085 -0.0407702 -0.342508 -0.93863 -0.0481887 0.0506402 -0.997554 0.00487623 -0.327194 -0.944945 0.0296497 0.0477076 -0.998421 -0.996888 0.0787203 -0.0042802 -0.949289 -0.314405 -0.000726886 -0.996731 0.0806983 0.00397814 -0.955866 -0.293783 0.00333681 -0.414349 -0.910116 0.00200488 -0.463703 -0.885975 0.00534267 -0.131207 -0.991326 0.00751314 -0.385394 0.0878993 -0.918556 -0.377595 0.109025 -0.91953 -0.0359851 0.08943 -0.995343 -0.919184 0.105765 -0.379361 -0.915058 0.126975 -0.382812 -0.992987 0.118162 -0.00381001 -0.0589371 -0.328861 0.942537 -0.0162139 -0.332881 0.94283 -0.0396172 0.054706 0.997716 0.0366723 0.0476056 0.998193 -0.0513163 -0.99866 0.00663643 -0.109314 -0.909788 0.40042 -0.0670606 -0.914893 0.398088 -0.91639 0.109589 0.384993 -0.914544 0.1312 0.382616 -0.992659 0.120897 0.00340181 -0.375792 0.0926539 0.922061 -0.376941 0.113205 0.919293 -0.033135 0.0908113 0.995317 -0.017796 0.424938 -0.905047 0.0430122 0.0866855 -0.995307 0.0269206 0.436649 -0.899229 -0.0169508 0.927249 -0.37406 -0.0338958 0.999418 -0.00375651 0.0269816 0.932306 -0.360661 0.0438082 0.999033 -0.00363816 -0.361709 0.932288 -0.00214735 -0.0339029 0.999419 0.00346695 -0.3614 0.932409 0.00185905 -0.893966 0.44813 -0.00195433 -0.89325 0.449557 0.0017665 -0.0167527 0.927651 0.373073 0.0270435 0.932368 0.360498 0.0438071 0.999034 0.00335274 0.0435995 0.0870332 0.995251 -0.0171846 0.427217 0.903986 0.0271596 0.436921 0.89909 0.396836 0.0377257 -0.917114 0.366979 0.0182228 -0.930051 0.996711 -0.0809739 -0.0033806 0.992743 -0.120177 -0.00422891 0.927035 -0.0555341 -0.37084 0.914421 -0.075244 -0.39771 0.952261 0.305279 -0.00193248 0.996765 -0.0803192 0.00306298 0.951908 0.306378 0.00181502 0.414665 0.909972 -0.00215366 0.41425 0.910161 0.00188403 0.927127 -0.0546106 0.370746 0.99289 -0.118981 0.00367558 0.917721 -0.0747636 0.390126 0.396939 0.0382191 0.917049 0.375902 0.0174372 0.926495 0.338712 -0.940882 -0.0039977 0.287826 -0.957683 -0.000496151 0.887931 -0.459964 -0.00333037 0.879321 -0.476229 0.000836874 -0.907547 -0.283614 0.309712 -0.347953 -0.88538 0.308271 -0.359254 -0.346484 0.866537 0.334716 -0.883913 0.326593 0.904164 -0.272631 0.328876 0.313921 -0.314308 0.895915 -0.313615 0.879008 0.359151 -0.868608 0.361313 0.339078 -0.329986 0.296881 0.896087 0.864275 0.368898 0.34197 0.306701 0.881991 0.357808 0.299062 0.32682 0.896521 -0.316073 0.395968 -0.862153 -0.866468 0.392255 -0.308818 -0.311919 0.90508 -0.289026 0.866498 0.392776 -0.308071 0.315861 0.39672 -0.861885 0.311759 0.905854 -0.286767 -0.336632 -0.879018 -0.337648 -0.905946 -0.261637 -0.332878 -0.33221 -0.260029 -0.906654 0.906022 -0.261602 -0.332698 0.336623 -0.879093 -0.337463 0.332179 -0.259959 -0.906685 -0.311866 -0.284487 -0.906536 -0.30992 -0.88567 -0.345743 -0.869633 -0.346106 -0.352064 -0.309523 -0.886825 0.343129 -0.299028 -0.280896 0.911965 -0.878506 -0.345736 0.329686 -0.335907 0.888127 -0.313683 -0.331502 0.364789 -0.870078 -0.894157 0.303759 -0.328957 -0.32064 0.363557 0.874652 -0.337718 0.889173 0.308735 -0.904604 0.299186 0.303611 0.867572 0.388738 -0.310163 0.318532 0.387556 -0.865065 0.313611 0.897077 -0.311289 0.33438 0.389996 0.857959 0.863779 0.390824 0.318029 0.315925 0.896524 0.310543 0.339209 -0.879163 -0.334679 0.335084 -0.261291 -0.905233 0.909289 -0.260043 -0.324917 0.351206 -0.262894 0.898633 0.341615 -0.878374 0.334303 0.905642 -0.262021 0.333402 0.906103 -0.284373 -0.313224 0.344587 -0.885765 -0.310934 0.347737 -0.346371 -0.871267 -0.340594 -0.886895 -0.312112 -0.904436 -0.285653 -0.316857 -0.328706 -0.355905 -0.874805 0.312878 0.888213 -0.336429 0.869883 0.364558 -0.332266 0.326222 0.303241 -0.895335 -0.867824 0.360276 -0.342174 -0.305464 0.887383 -0.345317 -0.300528 0.28998 -0.908622 0.309635 0.388809 0.867729 0.864973 0.387623 0.318702 0.311093 0.897093 0.313759 -0.866472 0.388171 0.313927 -0.324838 0.39014 0.861551 -0.315221 0.89692 0.310114 0.334586 -0.879221 0.339149 0.905253 -0.261203 0.335097 0.324491 -0.259952 0.909467 -0.906547 -0.262378 0.330653 -0.338603 -0.87895 0.335849 -0.339812 -0.260372 0.903733 0.302523 -0.28631 0.909124 0.298614 -0.879866 0.369684 0.852088 -0.368953 0.371241 0.281029 -0.907637 -0.311797 0.321702 -0.287194 -0.902235 0.897402 -0.322579 -0.30102 0.344347 0.891908 0.29313 0.337127 0.36256 0.868847 0.904976 0.277661 0.322371 0.347272 0.359231 -0.86623 0.379086 0.865381 -0.327734 0.893023 0.326253 -0.309951 -0.867217 0.390899 0.308437 -0.31699 0.390732 0.864202 -0.311867 0.901539 0.299944 -0.298761 0.394451 -0.868994 -0.856308 0.402334 -0.323826 -0.260706 0.909499 -0.323796 -0.339951 -0.874055 0.347075 -0.335251 -0.258168 0.906066 -0.908253 -0.257854 0.329528 -0.340385 -0.254318 -0.90524 -0.383716 -0.862806 -0.329131 -0.908277 -0.247262 -0.337484 -0.910192 -0.214635 0.354234 -0.343154 -0.84439 0.411401 -0.336069 -0.200293 0.920293 0.339451 -0.845771 0.411636 0.906428 -0.229061 0.354851 0.333895 -0.204213 0.920224 -0.307842 0.902718 0.300557 -0.853737 0.419269 0.308782 -0.313581 0.428114 0.847576 0.860561 0.405646 0.308035 0.312288 0.901481 0.299681 0.317064 0.42426 0.848218 -0.308459 0.260087 -0.91499 -0.899752 0.32425 -0.292075 -0.302389 0.883924 -0.356706 0.905243 0.310426 -0.290123 0.311241 0.256983 -0.914925 0.306195 0.883201 -0.355247 -0.348136 -0.908293 -0.231961 -0.914635 -0.283481 -0.288236 -0.342154 -0.401579 -0.849509 0.909895 -0.298251 -0.288335 0.343783 -0.909833 -0.232418 0.339112 -0.405561 -0.848837 0.353181 -0.232453 0.906217 0.407931 -0.849827 0.333747 0.916904 -0.219027 0.333639 0.410464 -0.846615 -0.338764 0.357297 -0.259633 -0.897179 0.917773 -0.220796 -0.330063 0.304429 0.900407 0.31079 0.31171 0.404276 0.859883 0.854867 0.411783 0.315654 0.309231 0.37375 -0.874464 0.301319 0.897767 -0.321279 0.85426 0.406791 -0.323668 -0.911127 0.270596 0.310847 -0.344277 0.364656 0.865158 -0.35183 0.884728 0.305732 -0.342041 0.334107 -0.878283 -0.912244 0.25947 -0.316996 -0.350154 0.882378 -0.314327 -0.235603 -0.911671 0.336671 -0.290042 -0.294338 0.910626 -0.854981 -0.394666 0.33652 -0.288814 -0.32344 -0.901095 -0.23609 -0.909401 -0.342419 -0.85112 -0.403695 -0.335596 0.90708 -0.240427 -0.345545 0.338381 -0.867046 -0.365691 0.332368 -0.231341 -0.914337 -0.33534 -0.868116 -0.365952 -0.903891 -0.252439 -0.345333 -0.330648 -0.234456 -0.914167 0.310921 0.900404 -0.304303 0.859855 0.404342 -0.3117 0.315751 0.411708 -0.854867 -0.86539 0.392847 -0.311081 -0.31451 0.89939 -0.303614 -0.318543 0.408483 -0.855378 0.310335 0.268677 0.911869 0.864355 0.365918 0.344955 0.305035 0.884588 0.352786 -0.869574 0.354539 0.34372 -0.31278 0.265912 0.911844 -0.308346 0.883902 0.351624 0.348546 -0.894754 0.27916 0.911811 -0.281721 0.298719 0.343441 -0.38121 0.858328 -0.907393 -0.294743 0.299607 -0.344509 -0.89617 0.27963 -0.340551 -0.384861 0.85785 -0.344985 -0.258097 -0.902425 -0.359824 -0.872279 -0.331143 -0.913363 -0.239706 -0.329105 -0.407972 -0.847003 0.340802 -0.353706 -0.241285 0.9037 -0.916713 -0.220022 0.333509 -0.304048 0.898917 -0.31544 -0.311457 0.389739 -0.866659 -0.856274 0.406117 -0.319161 -0.311064 0.392823 0.865407 -0.303697 0.899388 0.314435 -0.855382 0.408541 0.318458 0.911445 0.266771 -0.313212 0.343218 0.353047 -0.870379 0.351074 0.883862 -0.309086 0.34312 0.353637 0.870178 0.9111 0.267931 0.313226 0.350722 0.884056 0.308933 0.28569 -0.89341 -0.346698 0.300058 -0.294216 -0.907415 0.858854 -0.381603 -0.341686 0.290543 -0.305461 0.906796 0.236617 -0.910757 0.338429 0.854174 -0.397013 0.335808 </float_array>
          <technique_common>
            <accessor count="768" offset="0" source="#meshId1-normals-array" stride="3">
              <param name="X" type="float" />
              <param name="Y" type="float" />
              <param name="Z" type="float" />
            </accessor>
          </technique_common>
        </source>
        <source id="meshId1-tangents" name="meshId1-tangents">
          <float_array id="meshId1-tangents-array" count="2304"> -0.0743622 0.0175385 -0.997077 0.0299566 0.00513883 -0.999538 -0.0425233 -0.0241108 -0.998805 0.0254126 0.027696 -0.999293 -0.0483028 -0.996919 -0.0618078 -0.0479964 -0.996235 0.0721913 0.329465 -0.943854 -0.0243508 0.333717 -0.933705 0.129723 0.0427 -0.996378 -0.0735314 0.0299482 -0.905013 -0.424329 -0.0224891 -0.999058 -0.0371005 -0.0147622 -0.919838 -0.39202 -0.053359 -0.360619 -0.931186 0.00369497 -0.377478 -0.926011 0.0466405 -0.0243913 -0.998614 -0.0514384 -0.998001 -0.0367073 -0.0952921 -0.992804 0.0725268 -0.0269331 -0.99501 0.0960662 0.0319377 -0.999223 -0.0231179 -0.0202668 -0.999681 -0.0150654 -0.0196461 -0.999451 -0.0266922 0.0471189 -0.998432 -0.0302385 -0.327661 -0.944781 0.00509275 0.0477391 -0.993568 0.102678 -0.333106 -0.931066 0.148853 0.0492806 0.00720685 -0.998759 -0.0549298 -0.00883571 -0.998451 -0.0472827 0.0244786 -0.998582 -0.0239228 -0.999581 0.0163141 0.0406832 -0.998922 0.0223638 0.0421822 -0.999023 0.0132139 0.0952296 -0.990523 0.0989697 0.0580516 -0.998296 -0.0059424 0.0352021 -0.992198 0.119596 -0.428935 -0.894768 0.124113 -0.43014 -0.902748 -0.0050081 -0.0970519 -0.994732 -0.0329887 0.0272419 -0.0617468 0.99772 -0.0442326 -0.00536689 0.999007 0.0291307 -0.0391218 0.99881 -0.0712006 -0.045548 0.996422 -0.0101988 -0.422351 0.906375 -0.0394559 -0.061484 0.997328 -0.0168905 -0.416564 0.90895 0.000315009 -0.94235 0.33463 0.00260555 -0.931799 0.362965 -0.0723986 -0.0230662 0.997109 0.0278348 -0.0337233 0.999044 0.0193194 -0.0123896 0.999737 0.421343 -0.895494 0.143393 0.429712 -0.902657 0.0236321 0.0975466 -0.995231 -4.6111e-05 -0.114293 -0.993441 -0.00335221 -0.126808 -0.986583 0.10283 0.0288624 0.99471 0.0985892 -0.0404992 0.99808 0.0468536 0.0255156 0.993978 0.106566 -0.0798201 0.989643 0.119312 -0.00771898 0.899649 0.436546 -0.0420598 0.994379 0.0971636 -0.0164399 0.898874 0.437898 -0.0122539 0.347538 0.937586 -0.0118858 0.344757 0.938617 -0.0504546 0.994068 0.0963468 0.0275529 0.998547 0.0463134 0.0554105 0.992446 0.109459 0.128317 -0.991254 0.0308312 0.13995 -0.980822 0.135651 -0.0113143 0.393941 -0.919066 -0.00945015 0.393299 -0.919362 -0.0115716 0.94159 -0.336562 -0.0141315 0.941317 -0.337227 -0.998203 -0.0055784 0.0596584 -0.998881 -0.00439872 -0.0470894 -0.998583 0.0345802 0.0404541 -0.998417 -0.0380238 -0.0414484 -0.085383 0.995168 0.048481 0.0593063 0.997027 0.0491956 -0.0492288 0.942857 -0.32954 0.131197 0.934227 -0.331674 -0.0769174 0.996464 -0.0337961 -0.424361 0.905303 -0.0185684 -0.08105 0.996604 0.0145349 -0.421675 0.906584 0.0172156 -0.998338 0.0346721 -0.046038 -0.931447 0.363771 0.00882272 -0.928615 0.368821 -0.0405603 -0.0575085 0.996621 0.0586429 0.0745676 0.992958 0.0920537 0.103713 0.99436 0.0221724 -0.0350495 0.999373 -0.00507873 -0.0150326 0.999708 0.0189275 -0.0279153 0.99939 0.0209743 -0.0929104 0.994517 -0.0479963 -0.0467942 0.944917 0.323947 0.0507402 0.997374 -0.0516803 0.129899 0.93431 0.331951 -0.996846 -0.0249965 -0.0753142 -0.999167 -0.0180891 0.0365797 -0.999075 -0.0329158 0.0276607 -0.0381615 0.999269 0.00239402 -0.0227631 0.999132 -0.0348883 -0.0289947 0.998765 -0.0403398 0.0638519 0.993314 -0.0961812 -0.0645352 0.996034 -0.0612554 0.087433 0.995689 -0.0309744 0.142393 0.891974 0.429076 -0.00808779 0.903794 0.427891 -0.0419808 0.99463 0.0946032 0.999109 0.0379396 -0.0185068 0.998195 -0.0373744 0.0470013 0.999584 0.0139254 -0.0252714 0.99675 0.00994236 0.0799375 0.916796 0.399055 0.0155283 0.997929 0.0380317 0.0518831 0.913576 0.406169 0.0201348 0.343293 0.939219 0.00413773 0.334632 0.942347 0.00178269 0.995889 -0.0228265 0.0876621 0.999588 -0.0222927 -0.0180803 0.999391 -0.0323447 -0.0130841 0.119716 0.894883 -0.429945 -0.0236514 0.901708 -0.431699 -0.0479096 0.994315 -0.0950959 -0.013104 0.993891 0.109582 0.0925909 0.988091 0.122892 0.0973255 -0.994764 -0.0311745 0.0453975 -0.998267 0.037432 0.105011 -0.994093 -0.0274291 0.117303 -0.990004 0.078308 0.428343 -0.903574 0.00877096 0.0975577 -0.994505 0.0379848 0.432845 -0.901293 0.0177709 0.928303 -0.371437 0.0169532 0.929881 -0.367463 0.0171255 0.0982042 -0.994155 0.0448597 0.0478213 -0.998338 -0.0321547 0.110745 -0.99211 -0.0587566 -0.0208169 0.993987 -0.107504 0.0824632 0.989128 -0.121758 -0.919044 -0.394153 -0.00146524 -0.920697 -0.390259 -0.00382634 -0.336663 -0.941605 0.00623378 -0.340256 -0.940315 0.00569376 -0.0555001 -0.0102794 -0.998406 0.0475915 0.00374501 -0.99886 -0.0285519 0.0238418 -0.999308 0.0459261 -0.0258865 -0.998609 -0.0477451 0.996333 -0.0710033 -0.047276 0.9969 0.0628858 0.329323 0.943674 -0.0320217 0.333659 0.935112 0.11932 0.0403252 0.996168 -0.0776055 0.01589 0.905301 -0.424473 -0.0222064 0.995405 -0.0931414 -0.0259268 0.900972 -0.433103 -0.0380986 0.363758 -0.930714 0.0181464 0.363276 -0.931505 0.0588052 0.0243198 -0.997973 -0.054214 0.997449 -0.046442 -0.0944485 0.993625 0.0615553 -0.0323875 0.996326 0.07928 0.0238331 0.999343 -0.0273039 -0.0359564 0.999097 -0.022614 -0.0309091 0.999075 -0.029897 0.0484113 0.995086 -0.0863722 -0.325331 0.944446 -0.0467029 0.0466817 0.997819 0.0466662 -0.336584 0.935936 0.103607 0.0665303 -0.0145595 -0.997678 -0.0378755 0.000552391 -0.999282 -0.0271618 -0.0243875 -0.999334 -0.0228354 0.99879 -0.0435552 0.0418926 0.998347 -0.0393571 0.0440885 0.998124 -0.0424717 0.0950613 0.994425 0.0456225 0.0549611 0.996572 -0.0618387 0.0340965 0.997641 0.0595722 -0.4323 0.894828 0.111356 -0.427261 0.904052 -0.0117273 -0.0944947 0.994702 -0.0404811 0.0191034 0.0257948 0.999485 -0.0462671 -0.0252082 0.998611 0.0238609 0.00675242 0.999692 -0.0763518 0.0157956 0.996956 -0.0149976 0.399432 0.91664 -0.0546924 0.0265493 0.99815 -0.0195304 0.406686 0.913359 -0.00797972 0.939455 0.34258 -0.00275423 0.944749 0.327782 -0.0621353 -0.0074797 0.99804 0.0106267 -0.023503 0.999667 0.0379834 0.00212083 0.999276 0.431671 0.896891 0.0961584 0.428429 0.903247 -0.0243499 0.0943686 0.994019 -0.0549618 -0.109848 0.99387 -0.0125191 -0.123195 0.987992 0.0932437 0.0328014 -0.994714 0.0973049 -0.0353646 -0.998345 0.0453501 0.0297479 -0.994126 0.104056 -0.0759182 -0.99031 0.116283 -0.00745252 -0.903625 0.42826 -0.0371898 -0.994539 0.0975103 -0.0162982 -0.902238 0.43093 -0.0169878 -0.371497 0.928279 -0.0168353 -0.369152 0.929216 -0.0450819 -0.994125 0.0984056 0.0324075 -0.998321 0.048006 0.0596213 -0.991891 0.112241 0.102835 0.994286 -0.0286337 0.115458 0.990366 0.0764548 0.00379752 -0.394204 -0.919015 0.00471346 -0.392434 -0.919768 -0.00235469 -0.941639 -0.336615 -0.00504325 -0.941279 -0.337593 -0.99894 0.00141039 0.0460089 -0.99833 0.00273228 -0.0576999 -0.99946 -0.0264631 0.0194581 -0.997863 0.040845 -0.0509932 -0.139508 -0.988936 0.0504297 0.00308451 -0.998861 0.0476243 -0.0972898 -0.942435 -0.319924 0.0852792 -0.939993 -0.330364 -0.10757 -0.994149 -0.00987485 -0.45026 -0.892869 -0.00708427 -0.0231347 -0.998691 0.045608 -0.400319 -0.915814 0.032086 -0.935113 -0.352825 0.0328385 -0.943346 -0.331323 -0.0180094 -0.996793 0.0343546 -0.0722685 -0.11377 -0.991371 0.0651169 0.0160415 -0.995391 0.0945462 0.0392495 -0.998669 0.0334524 -0.0847496 -0.996259 0.0169014 -0.066119 -0.996792 0.0451038 -0.0679414 -0.996706 0.0442758 -0.0803025 -0.936368 0.341712 0.0912198 -0.939223 0.330968 0.0184018 -0.998912 -0.0428576 0.160881 -0.985659 -0.0509251 -0.992764 0.0839693 -0.0858389 -0.996812 0.0753494 0.0262527 -0.995145 0.0969004 0.017205 0.0354371 -0.998539 0.0407821 0.0519514 -0.998637 0.00497474 0.0204294 -0.999762 -0.00759317 -0.0181744 -0.997691 -0.0654426 0.152956 -0.987993 -0.0217666 0.170368 -0.981726 -0.0847872 0.0901003 -0.892513 0.441931 -0.0600207 -0.900608 0.430469 -0.0995869 -0.990685 0.0928748 0.99843 -0.0458637 -0.0321673 0.998859 0.0360692 0.0312888 0.999034 -0.0103899 -0.042694 0.997947 -0.00394862 0.0639197 0.912979 -0.407745 0.0146045 0.993549 -0.10698 0.0376284 0.898184 -0.438995 0.0234346 0.314951 -0.948915 0.0191434 0.363822 -0.931266 0.0194039 0.995617 -0.0670091 0.0652378 0.997053 -0.0674602 -0.0365316 0.998966 -0.0357785 -0.0280509 0.0588922 -0.993344 -0.098995 0.126918 -0.903362 -0.40967 -0.0234325 -0.90292 -0.429169 -0.0733534 -0.993694 0.084804 0.0321586 -0.994621 0.0984601 0.0979128 0.993334 -0.060838 0.0463985 0.998891 0.00795418 0.0930674 0.993983 -0.0577636 0.10591 0.993216 0.0480064 0.429822 0.90271 -0.0191621 0.098132 0.995124 0.00985938 0.446111 0.894939 -0.0082898 0.929297 0.369321 -0.00289057 0.947521 0.319691 -0.00143007 0.110983 0.993672 0.0172877 0.0481715 0.997037 -0.0599757 0.124633 0.988404 -0.0867424 0.0492879 -0.989354 -0.136928 0.144533 -0.979345 -0.141397 -0.917999 0.396233 -0.016628 -0.898 0.439494 -0.0210097 -0.335133 0.941987 -0.0186248 -0.321357 0.946747 -0.019978 -0.0665355 -0.131639 -0.989062 -0.0835232 -0.0847831 -0.992893 0.0052777 -0.0560899 -0.998412 0.035408 -0.0902077 -0.995293 0.309118 -0.950845 0.0184605 -0.07816 -0.987356 0.13791 0.303416 -0.929647 0.209034 -0.08418 -0.954221 0.287014 0.0258255 -0.995095 0.0954974 0.00196406 -0.958948 -0.283574 -0.0224417 -0.995186 0.0953969 -0.0299082 -0.959152 -0.281305 -0.0576437 -0.464418 -0.883738 -0.0141162 -0.467081 -0.884102 0.0355433 -0.132302 -0.990572 -0.100563 -0.990606 0.0926615 -0.0383601 -0.954654 0.295236 -0.111685 -0.944234 0.309755 -0.00118444 -0.988953 0.148225 0.0116299 -0.9833 0.18162 -0.012642 -0.989577 0.143446 -0.323095 -0.946311 0.0102619 -0.318381 -0.927094 0.197812 0.0586799 -0.990258 0.126277 0.0645401 -0.960029 0.272359 -0.0497882 -0.0562802 -0.997173 0.0189672 -0.11294 -0.993421 -0.0964722 -0.116116 -0.988539 -0.00750393 -0.989581 0.143785 0.0189681 -0.986728 0.161273 0.0225157 -0.989304 0.144121 0.0844607 -0.992969 0.0829409 0.038934 -0.966986 0.251837 0.0952111 -0.958406 0.269059 -0.432004 -0.866451 0.250271 -0.130926 -0.969657 0.206455 -0.458237 -0.887841 0.0419192 0.0273329 -0.00678352 0.999603 0.0169071 -0.0335127 0.999295 -0.0698537 0.00307982 0.997553 -0.0469513 0.0440293 0.997926 -0.00821849 -0.358927 0.933329 -0.0417278 -0.0333969 0.998571 -0.0165378 -0.357385 0.933811 -0.00323042 -0.887094 0.461578 -0.00639998 -0.886601 0.46249 -0.0836904 0.0158924 0.996365 0.0226445 0.0208625 0.999526 0.025599 0.0440685 0.9987 0.110851 -0.976846 0.182989 0.423107 -0.881121 0.211201 0.444699 -0.895361 0.0239287 -0.148274 -0.973377 0.17479 -0.147626 -0.952768 0.265406 0.030681 0.994961 -0.0954547 -0.0441948 0.98891 -0.141791 0.03443 0.996544 -0.075589 -0.0756517 0.995583 -0.0555948 -0.0056418 0.956922 0.29029 -0.0455428 0.994499 -0.0943275 -0.0182176 0.956236 0.292028 -0.0114829 0.421946 0.906548 -0.0136035 0.419898 0.90747 -0.0437313 0.995275 -0.0866879 0.0228305 0.989636 -0.141773 0.0588414 0.995734 -0.071068 0.121408 -0.979914 0.158208 0.122266 -0.960697 0.249224 -0.0190706 0.280942 -0.959535 -0.0114368 0.282302 -0.959257 -0.0181895 0.871293 -0.490426 -0.0193071 0.872196 -0.488776 -0.98993 -0.131947 0.051278 -0.99351 -0.0923934 0.066336 -0.998262 -0.0555331 -0.019718 -0.993963 -0.0965107 -0.05218 -0.0302087 -0.947151 -0.319362 0.0959383 -0.993099 0.0674575 0.175769 -0.930958 -0.320034 0.254755 -0.964341 0.0717396 -0.297126 -0.95468 -0.0174116 -0.286402 -0.958034 0.0120333 0.0807553 -0.996661 -0.0120294 0.085919 -0.995979 0.0253553 -0.886269 -0.46143 0.0401117 -0.883461 -0.468501 -0.00193946 -0.990103 -0.13175 -0.048347 0.047131 -0.994113 0.0975603 0.258216 -0.96565 0.0290712 0.27848 -0.955799 0.0943249 0.118961 -0.992776 0.0156061 0.15151 -0.988434 -0.00650808 0.121124 -0.992523 0.0150505 -0.0439837 -0.93707 0.34636 0.150917 -0.925278 0.347972 0.07126 -0.997223 -0.0216508 0.22092 -0.974968 -0.0251575 -0.997741 -0.0564063 0.0364864 -0.993791 -0.106309 -0.0328215 -0.990628 -0.109354 0.0818399 0.111227 -0.993792 -0.00254556 0.125821 -0.991704 -0.0263098 0.128181 -0.991377 -0.0272289 0.0248178 -0.997723 -0.0627144 0.193941 -0.980882 -0.0160453 0.21631 -0.974782 -0.0548631 0.221952 -0.877746 0.424616 0.142033 -0.983827 0.109134 0.0319178 -0.893015 0.448893 0.99958 -0.00681572 -0.0281731 0.999289 -0.0338435 -0.0166444 0.997554 0.00216611 0.0698607 0.997932 0.0436577 0.047185 0.931886 -0.362644 0.00888337 0.998533 -0.0335274 0.0425085 0.933669 -0.357787 0.0158069 0.448758 -0.893637 0.00540482 0.455167 -0.890371 0.00786276 0.996208 0.0170414 0.0853197 0.999532 0.0201669 -0.0229872 0.998708 0.043649 -0.0260156 0.0997115 -0.992932 -0.0643781 0.162078 -0.902624 -0.398749 3.68501e-05 -0.908152 -0.418641 0.126506 -0.985538 0.112741 0.228131 -0.965337 0.126811 -0.0810701 0.996221 -0.0311761 -0.119697 0.991883 0.0429045 -0.0665775 0.997147 -0.0355793 -0.0434605 0.996407 0.0726891 0.304831 0.952384 0.00658765 -0.0833287 0.995431 0.0466265 0.304944 0.952226 0.0165651 0.909326 0.415923 0.0115952 0.910713 0.412817 0.0135326 -0.0921321 0.994701 0.0456198 -0.123785 0.992017 -0.0240668 -0.0738837 0.995622 -0.0572476 0.0888813 -0.99475 -0.0507133 0.192821 -0.978969 -0.0666305 -0.958291 0.285574 0.011187 -0.957217 0.289348 0.00370417 -0.478281 0.878048 0.0167254 -0.476278 0.879171 0.0147912 -0.0665588 0.0700151 -0.995323 -0.0838907 0.0240233 -0.996185 0.00428611 -0.00623266 -0.999971 0.0342702 0.0273592 -0.999038 0.324273 0.945199 -0.0380209 -0.0664752 0.993479 0.0926292 0.308842 0.936618 0.165417 -0.0731285 0.96583 0.248647 0.0236936 0.996486 0.0803352 0.00264684 0.95006 -0.312057 -0.0204552 0.996572 0.0801635 -0.0289854 0.950298 -0.309991 -0.05748 0.418537 -0.906379 -0.0137181 0.420984 -0.906964 0.0367856 0.0705892 -0.996827 -0.0958827 0.99415 0.0497278 -0.029611 0.965704 0.25795 -0.0961501 0.955839 0.277717 -0.0080157 0.99257 0.121411 0.00644583 0.988521 0.150948 -0.015118 0.992621 0.120311 -0.335977 0.940864 -0.0435192 -0.32199 0.933629 0.157034 0.0499499 0.99523 0.0837982 0.0563243 0.969869 0.237026 -0.048593 -0.00597282 -0.998801 0.0203684 0.051131 -0.998484 -0.0944761 0.0535115 -0.994088 -0.000287533 0.993002 0.118093 0.0227936 0.990958 0.132221 0.0260783 0.992329 0.120844 0.0819727 0.99573 0.0424498 0.0312474 0.975573 0.217443 0.0819189 0.96759 0.238869 -0.424854 0.877653 0.221867 -0.11242 0.983424 0.142263 -0.451023 0.89189 0.0333348 0.0303173 0.006057 0.999522 0.0181256 0.0338432 0.999263 -0.068205 -0.00291282 0.997667 -0.046073 -0.0437299 0.99798 -0.00812002 0.362656 0.931888 -0.0412016 0.033735 0.998581 -0.0151136 0.361318 0.93232 -0.00454324 0.893671 0.4487 -0.00617245 0.893206 0.449606 -0.0832508 -0.0153984 0.99641 0.0236395 -0.0198994 0.999522 0.0263054 -0.0437836 0.998695 0.0945738 0.987966 0.122385 0.417363 0.889987 0.183662 0.43922 0.898177 0.0190874 -0.115095 0.985244 0.126676 -0.126505 0.965979 0.22557 0.0316444 -0.996004 -0.0835184 -0.0425922 -0.991521 -0.122771 0.0356462 -0.99705 -0.067977 -0.0713086 -0.996446 -0.0448355 -0.00558954 -0.953251 0.302127 -0.0454667 -0.995545 -0.0826054 -0.0176612 -0.952631 0.303617 -0.0107255 -0.417029 0.90883 -0.0129841 -0.415369 0.90956 -0.0439703 -0.995993 -0.0778791 0.0228123 -0.99216 -0.122872 0.0565802 -0.996674 -0.0586486 0.0917906 0.989362 0.11286 0.104863 0.971482 0.212668 -0.0192996 -0.330869 -0.943479 -0.010638 -0.331932 -0.943244 -0.019295 -0.88499 -0.46521 -0.0183523 -0.885668 -0.463957 0.995645 -0.0657131 -0.0661234 0.996277 -0.0167729 -0.0845612 0.999897 0.014048 0.00303476 0.999306 -0.0182933 0.0324483 0.0580724 -0.938635 0.339988 -0.0713256 -0.996339 -0.047133 -0.146455 -0.935 0.322995 -0.228208 -0.972156 -0.0532295 -0.078802 -0.996588 0.0245563 0.314398 -0.949279 0.00486783 -0.0807528 -0.996601 -0.0163039 0.293607 -0.955583 -0.0256073 0.908636 -0.413799 -0.0561383 0.885876 -0.463731 -0.0133074 0.990807 -0.130879 0.0342367 -0.0274319 -0.996104 -0.0838106 -0.237144 -0.971312 -0.0177841 -0.258677 -0.962877 -0.077161 -0.11078 -0.993807 -0.00865462 -0.139771 -0.990168 0.00567327 -0.118097 -0.9929 -0.0142637 0.0348065 -0.944282 -0.327293 -0.166794 -0.92884 -0.33081 -0.0872482 -0.994876 0.0510858 -0.241552 -0.968823 0.0550792 0.997433 -0.0515833 -0.0496703 0.993599 -0.111562 0.0177731 0.988661 -0.114661 -0.09697 -0.115837 -0.993244 0.00700592 -0.131397 -0.990995 0.0257448 -0.120751 -0.992266 0.0287486 -0.0412576 -0.995675 0.0832364 -0.215017 -0.976085 0.0320345 -0.23704 -0.968164 0.0804427 -0.204439 -0.887613 -0.412732 -0.121465 -0.988385 -0.0913317 -0.0142793 -0.899295 -0.437109 -0.999425 -0.00472985 0.033565 -0.999217 -0.0338118 0.0205274 -0.997795 0.00323235 -0.0662909 -0.998068 0.0436047 -0.0442588 -0.932267 -0.361716 -0.00633196 -0.998665 -0.0337417 -0.0391009 -0.93234 -0.361347 -0.0130955 -0.448124 -0.893967 -0.0027042 -0.44956 -0.89324 -0.00422799 -0.996605 0.0145903 -0.0810311 -0.999484 0.0189626 0.0259348 -0.998638 0.043694 0.0285055 -0.120272 -0.988496 0.0917113 -0.181242 -0.890472 0.417385 -0.0161736 -0.899112 0.43742 -0.104614 -0.990786 -0.0860227 -0.204128 -0.973862 -0.0996259 0.0810444 0.995876 0.0407797 0.119953 0.992143 -0.0355547 0.0751698 0.99642 0.0386954 0.0530033 0.996368 -0.0666401 -0.305284 0.95225 -0.00460203 0.0803775 0.996029 -0.0382711 -0.306314 0.951803 -0.0155848 -0.909944 0.41463 -0.00916668 -0.9101 0.414245 -0.0109123 0.0753871 0.996279 -0.0417699 0.118809 0.992424 0.0312858 0.0556916 0.996644 0.0599893 -0.111054 -0.989792 0.0893201 -0.213554 -0.971281 0.104924 0.940683 0.338723 -0.0195628 0.957621 0.287813 -0.0111701 0.459823 0.8878 -0.0193427 0.476173 0.879188 -0.0169405 0.234211 -0.953976 -0.187281 -0.141401 -0.275495 -0.950846 0.0983726 -0.937412 -0.334039 0.125468 -0.301694 -0.945113 -0.23233 -0.959884 -0.156986 -0.0759699 -0.948906 -0.306279 0.095388 -0.347156 0.932944 -0.316343 -0.93107 0.181757 -0.101867 -0.954914 0.278858 0.316609 -0.92722 0.200055 -0.119918 -0.337123 0.933792 0.109931 -0.945064 0.307846 0.0949677 0.91738 0.386516 -0.373907 -0.919776 -0.119191 -0.115075 0.265976 0.957087 0.385941 -0.918545 -0.0855822 -0.117556 0.917753 0.379355 0.0933979 0.271131 0.958 0.106843 0.320604 -0.941168 0.204759 -0.958902 0.196419 -0.126462 0.964848 -0.230381 -0.194717 -0.955607 0.221134 -0.128381 0.312186 -0.941307 0.105108 0.965485 -0.238309 -0.226206 0.948918 -0.219968 -0.95068 0.2839 0.12493 -0.344849 0.936155 -0.0685017 -0.950444 0.277449 -0.140283 -0.226699 0.949244 0.218046 -0.347339 0.936061 0.0560849 0.941672 0.323904 -0.0913227 0.203445 0.928168 0.311631 0.289087 0.952684 0.0939251 0.179006 0.930025 -0.320951 0.941038 0.312055 0.130645 0.280273 0.954142 -0.105168 0.379019 -0.920634 -0.093687 -0.129253 0.921835 0.365396 0.949386 -0.290114 0.120416 -0.139841 0.920815 -0.364067 0.374746 -0.920213 0.113017 0.948541 -0.305851 -0.0820009 -0.94071 -0.317411 -0.119641 0.192497 0.959496 -0.205699 -0.232055 -0.964914 0.122844 0.188338 0.95999 0.207237 -0.939796 -0.322683 0.112509 -0.238388 -0.964838 -0.110718 0.23171 0.953047 -0.194964 -0.126278 0.284473 -0.950331 0.0868505 0.937164 -0.337905 0.137317 0.281478 -0.949692 -0.226879 0.951058 -0.209796 -0.077364 0.93331 -0.350638 0.0919894 0.32421 0.941502 -0.326593 0.930493 0.165893 -0.120051 0.952771 0.278953 0.328812 0.932708 0.148117 -0.127804 0.321161 0.938361 0.119862 0.956591 0.265645 0.0951892 -0.920668 0.378563 -0.367353 0.921767 -0.124087 -0.119825 -0.290483 0.949348 0.363357 0.921577 -0.13663 -0.114252 -0.920469 0.373743 0.0855648 -0.298582 0.950541 0.122485 -0.316264 -0.940731 0.207642 0.96008 0.187432 -0.119704 -0.96505 -0.233129 -0.215824 0.961324 0.171102 -0.113345 -0.316233 -0.941886 0.111975 -0.96528 -0.236 -0.272796 -0.939926 -0.205234 -0.954373 -0.274809 0.11684 -0.378397 -0.924288 -0.0500779 -0.957952 -0.245703 -0.148183 -0.16432 -0.955364 0.245516 -0.309758 -0.94647 0.0908041 0.938811 -0.329687 -0.0997046 0.145207 -0.931854 0.332509 0.250499 -0.96017 0.123788 0.262369 -0.924048 -0.278024 0.925241 -0.36017 0.119189 0.326113 -0.943796 -0.0538486 0.371421 0.920393 -0.122161 -0.183763 -0.91923 0.348207 0.950118 0.294666 0.102209 -0.0613049 -0.916634 -0.394999 0.395228 0.914104 0.0905999 0.965262 0.23954 -0.104352 -0.940421 0.313426 -0.131805 0.141208 -0.964628 -0.222606 -0.239274 0.966144 0.0965095 0.239088 -0.954496 0.178255 -0.922645 0.373093 0.097609 -0.213136 0.967607 -0.135313 0.20589 -0.976565 -0.0626883 -0.160607 -0.378798 -0.911437 0.0573708 -0.979665 -0.192265 0.0992746 -0.402963 -0.909816 -0.21863 -0.973307 -0.0698166 -0.0669722 -0.978922 -0.192939 0.0834331 -0.289067 0.953666 -0.276177 -0.86733 0.414083 -0.0325704 -0.896922 0.440988 0.297206 -0.891043 0.34309 -0.119536 -0.275662 0.953793 0.0824475 -0.903308 0.420996 0.108747 0.96523 0.237708 -0.336062 -0.941784 -0.0102746 -0.12621 0.333801 0.934156 0.316222 -0.948273 -0.0279568 -0.11716 0.965776 0.23141 0.0908164 0.344369 0.934432 0.0906576 0.213659 -0.972693 0.169741 -0.916352 0.362611 -0.127808 0.915563 -0.381327 -0.190246 -0.91766 0.348863 -0.135356 0.196907 -0.971034 0.102726 0.91287 -0.395115 -0.111508 -0.972195 -0.205919 -0.912979 -0.382828 0.141111 -0.216611 -0.975224 -0.0449272 -0.911055 -0.39651 -0.112952 -0.123243 -0.965293 0.230264 -0.214121 -0.975146 0.0569384 0.952413 -0.292959 -0.0841707 0.386898 -0.880554 0.273742 0.421455 -0.905947 0.0404424 0.292428 -0.912351 -0.286534 0.953289 -0.276157 0.122383 0.399465 -0.912116 -0.0920492 0.248671 0.962443 -0.108934 -0.00374936 -0.922018 0.38713 0.935995 0.328539 0.126398 -0.0395802 -0.938949 -0.341771 0.232763 0.965088 0.120111 0.936363 0.338631 -0.0924856 -0.97163 0.21361 -0.101516 0.33446 -0.922704 -0.191713 -0.374171 0.918657 0.12675 0.301785 -0.923978 0.234927 -0.970823 0.205508 0.123567 -0.392307 0.913891 -0.10439 0.212835 0.970141 -0.116309 -0.160915 0.329576 -0.930315 0.0535843 0.972517 -0.226583 0.100895 0.353116 -0.930123 -0.223828 0.967079 -0.121077 -0.062327 0.97196 -0.226735 0.0855995 0.292343 0.952475 -0.274379 0.880856 0.385758 -0.0411012 0.906047 0.421176 0.295737 0.901554 0.315818 -0.11974 0.279701 0.952591 0.0879286 0.911228 0.402409 0.109455 -0.962948 0.246477 -0.388835 0.921303 -0.00298384 -0.125265 -0.329955 0.935649 0.371578 0.928239 -0.0174042 -0.117921 -0.963456 0.240514 0.0916413 -0.340315 0.935835 0.0878262 -0.265349 -0.960144 0.181755 0.929268 0.3216 -0.124954 -0.92434 -0.36053 -0.199246 0.929349 0.310823 -0.132139 -0.248609 -0.959548 0.101264 -0.922094 -0.373483 0.137189 -0.964991 0.223545 0.932483 -0.324159 -0.159365 0.235437 -0.970421 0.0534058 0.911459 -0.399487 0.0982464 0.113589 -0.970085 -0.214552 0.214642 -0.975232 -0.0533943 -0.952582 -0.291029 0.0888257 -0.36868 -0.890143 -0.267805 -0.414864 -0.908846 -0.0434302 -0.31323 -0.90208 0.296881 -0.952602 -0.280455 -0.117874 -0.401492 -0.911356 0.0907414 -0.243625 0.963424 0.111626 0.0239077 -0.929652 -0.367662 -0.936307 0.328312 -0.12466 0.0196889 -0.928924 0.369748 -0.243309 0.962987 -0.116003 -0.936224 0.338705 0.0936153 0.95815 0.273144 0.0856791 -0.301876 -0.931647 0.20225 0.362089 0.924131 -0.121955 -0.322018 -0.923613 -0.207949 0.97007 0.201886 -0.134933 0.384661 0.916988 0.105682 </float_array>
          <technique_common>
            <accessor count="768" offset="0" source="#meshId1-tangents-array" stride="3">
              <param name="X" type="float" />
              <param name="Y" type="float" />
              <param name="Z" type="float" />
            </accessor>
          </technique_common>
        </source>
        <source id="meshId1-bitangents" name="meshId1-bitangents">
          <float_array id="meshId1-bitangents-array" count="2304"> 0.912561 -0.401981 -0.0751297 0.919054 -0.393304 0.0255224 0.998814 -0.0247476 -0.0419263 0.999411 -0.0237828 0.0247565 0.0226826 -0.0629589 0.997758 -0.0257579 0.0734851 0.996964 0.0212501 -0.0183715 0.999605 -0.0603263 0.116176 0.991395 0.998596 0.0402544 0.0344274 0.99881 0.0107468 0.047573 0.999391 -0.0234554 0.02582 0.999335 -0.0266439 0.0248855 0.998095 -0.0481805 -0.0385343 0.999642 -0.0231513 0.0134262 0.998808 -0.013292 0.0469743 0.364662 -0.0529878 0.929631 0.0382373 0.0691539 0.996873 0.391336 0.077936 0.916942 0.909318 0.0194478 0.415646 0.919729 -0.0245502 0.391787 0.999405 -0.0203881 0.0278168 0.0226947 0.0313343 -0.999251 0.0108463 -0.00915149 -0.999899 -0.0196679 -0.10371 -0.994413 -0.0637389 -0.135272 -0.988756 0.913877 0.403144 0.0480014 0.917916 0.393087 -0.0539777 0.998785 -0.012721 -0.0476042 0.929816 -0.028242 -0.36694 0.931544 0.0298257 -0.362402 0.998785 0.0425021 0.0249523 0.0366023 -0.0958701 -0.994721 0.383261 0.0277824 -0.923222 0.400288 -0.0956527 -0.911384 0.0815358 0.0984842 0.991793 -0.0025461 -0.00433438 0.999987 -0.0276686 -0.0304358 0.999154 0.999527 -0.0126064 -0.0280714 0.998914 -0.0148832 0.0441486 0.931529 0.363437 -0.0129332 0.926758 0.366381 0.0829706 0.999927 -0.0101361 0.00652824 0.998944 -0.0259626 0.0379193 0.999791 -0.0174813 0.010567 0.999849 0.00610962 0.016264 0.999921 0.00690448 0.0105471 0.926436 -0.371854 0.058665 0.929122 -0.367784 -0.0383015 0.999524 -0.0237988 -0.0196103 0.0874557 -0.117256 -0.989244 0.012942 -0.0200121 -0.999716 -0.0207153 -0.00198407 -0.999784 -0.378562 0.0404325 0.924692 -0.368433 0.143097 0.918575 0.999581 -0.0284851 -0.00523338 0.999172 0.0406419 -0.00209643 0.925169 0.016903 -0.379179 0.921036 0.118997 -0.370853 0.999952 0.00432179 0.00877461 0.999098 0.0412821 0.0100016 0.999808 0.0101101 0.0167825 0.999806 -0.0102265 0.0168578 0.99972 -0.0151072 0.0182084 0.924228 0.00991344 0.381714 0.999604 -0.0277896 0.00447325 0.922825 -0.0927601 0.373885 -0.374129 -0.0771751 -0.92416 -0.363636 -0.178338 -0.914311 0.999744 -0.0135524 -0.0181165 0.999849 -0.00971467 -0.0144334 0.999893 0.0078834 -0.0123229 0.999894 0.0121188 -0.00807266 -0.0568517 0.402636 -0.913593 0.0415347 0.394599 -0.917914 -0.0402537 0.00647409 -0.999169 0.0412649 0.00559889 -0.999133 0.995771 0.0868887 -0.0298464 0.997455 -0.0611412 0.0366722 0.998613 0.0402952 -0.0338892 0.991068 -0.115528 0.0666203 0.0286959 -0.03167 -0.999086 0.0277834 -0.00747874 -0.999586 0.0156301 0.0158519 -0.999752 0.00797354 0.0226927 -0.999711 0.0458705 -0.00561172 -0.998932 -0.00452429 0.0126667 -0.99991 0.0396423 -0.0100697 -0.999163 0.927583 0.0750608 -0.365999 0.996417 -0.0704938 -0.046744 0.915765 -0.0867694 -0.392231 0.407625 0.00965574 -0.913098 0.388759 0.023284 -0.921045 0.0248684 0.0216704 -0.999456 -0.995672 -0.0929084 0.00227773 -0.998862 -0.0472615 -0.00642913 -0.99661 0.0539208 0.0621319 -0.990323 0.105762 0.0898556 0.0789515 -0.407884 -0.909614 -0.0265876 -0.391454 -0.919814 -0.0274966 -0.00542959 -0.999607 -0.385705 -0.0125197 -0.922537 -0.364 -0.0407849 -0.930506 0.0190523 -0.0397972 -0.999026 -0.997932 0.0628384 -0.013533 -0.931565 -0.0821396 -0.354174 -0.921578 0.0690415 -0.382005 0.989534 -0.118035 -0.0830121 0.999782 -0.000934962 0.0208722 0.998523 0.038498 0.0383445 -0.0183073 -0.00559829 -0.999817 0.0468202 -0.00570846 -0.998887 -0.0185127 -0.362286 -0.931883 0.0778866 -0.372178 -0.924888 0.0186731 -0.00399429 -0.999818 0.051706 0.00562751 -0.998646 0.0209546 0.00242911 -0.999778 0.0228837 -0.00395988 -0.99973 0.0179144 -0.00447006 -0.99983 0.0899299 0.365339 -0.92652 -0.00862003 0.367679 -0.929913 -0.0129331 0.00487231 -0.999905 -0.992794 0.110219 -0.0470305 -0.998786 -0.00265226 0.0491805 -0.997011 -0.0418267 0.0649607 0.923767 -0.0299143 0.381784 0.918656 -0.132378 0.372219 0.00340017 0.0316553 -0.999493 0.0074863 -0.0371297 -0.999282 -0.374129 -0.0139357 -0.927272 -0.364104 -0.116235 -0.924076 0.0103654 -0.00479255 -0.999935 0.01798 -0.0363995 -0.999176 0.0183088 -0.0109199 -0.999773 0.0162871 -0.00493063 -0.999855 0.0181963 -0.000550534 -0.999834 0.383524 -0.00378748 -0.923523 0.0134247 0.032831 -0.999371 0.374044 0.0963805 -0.922389 -0.916857 0.0238981 0.398501 -0.913006 0.123959 0.388657 0.00199616 -0.000937018 -0.999998 0.00597847 -0.00430001 -0.999973 0.00460554 -0.00826675 -0.999955 0.0096378 -0.00954207 -0.999908 0.913646 0.402781 -0.0549354 0.917942 0.39413 0.0452138 0.99958 0.00556426 -0.028427 0.998936 0.0054914 0.0457987 0.0197429 0.0720118 0.997208 -0.0240657 -0.0640747 0.997655 0.0225664 0.0260376 0.999406 -0.0554508 -0.106886 0.992724 0.998986 -0.0386405 0.0230905 0.99974 -0.00743261 0.0215729 0.999679 0.0232473 0.0101061 0.999606 0.0280457 -0.00149668 0.999243 0.0211722 -0.0326289 0.999831 -0.00395216 0.0179362 0.99826 -0.00588072 0.0586788 0.368101 0.0631987 0.927635 0.0328307 -0.0586893 0.997736 0.392414 -0.0602762 0.917812 0.914714 -0.0107779 0.403958 0.921747 0.0418987 0.385523 0.99933 0.0314762 0.0186894 0.0182291 -0.0873394 -0.996012 0.027376 -0.0399618 -0.998826 -0.0240113 0.0478245 -0.998567 -0.0498106 0.0921766 -0.994496 0.911179 -0.406577 0.0666954 0.91907 -0.392532 -0.0350522 0.99962 -0.00546585 -0.0270362 0.922822 0.00430057 -0.385203 0.932001 -0.0532424 -0.358523 0.998934 -0.043462 0.0155653 0.0313022 0.0428213 -0.998592 0.373084 -0.0779433 -0.924518 0.401482 0.0409131 -0.914953 0.0626848 -0.0933712 0.993656 -0.0166827 0.00508559 0.999848 -0.027034 0.0380842 0.998909 0.999806 -0.00519818 -0.0189754 0.99892 -0.00539812 0.0461452 0.932 -0.361918 -0.0198006 0.925102 -0.371883 0.0767409 0.999842 -0.00277079 0.0175663 0.998495 0.00553253 0.0545642 0.999798 0.0036914 0.0197351 0.999785 0.000934238 0.020726 0.999891 -0.00214703 0.01459 0.929736 0.363206 0.0606049 0.999932 0.00500161 -0.010512 0.928042 0.370726 -0.0360625 0.0561677 0.0796691 -0.995238 -0.0210346 -0.0169712 -0.999635 -0.0274926 -0.0525851 -0.998238 -0.381858 -0.0305694 0.923716 -0.372272 -0.133108 0.918529 0.999437 0.0333266 0.00377721 0.999355 -0.0350413 0.00790394 0.927389 -0.0113884 -0.373926 0.92445 -0.113609 -0.363986 0.999941 -0.00335907 0.0103132 0.999194 -0.0355307 0.0186971 0.999789 -0.00933023 0.0182784 0.999854 -0.00475323 0.0163954 0.999837 -7.77147e-05 0.0180839 0.920325 -0.00301711 0.391143 0.99935 0.0331248 0.0142206 0.919412 0.0983555 0.3808 -0.378422 0.0124845 -0.925549 -0.369661 0.114281 -0.922112 0.999991 -0.000185138 0.00421154 0.999966 -0.00435529 0.0069827 0.999968 -0.00479247 0.00641135 0.999902 -0.00915018 0.0105752 -0.0422687 -0.423858 -0.904742 0.0515869 -0.407274 -0.911848 -0.0187858 -0.0254217 -0.9995 0.0500395 -0.0240421 -0.998458 0.989658 -0.140965 -0.0265812 0.999115 0.00507672 0.0417678 0.99509 -0.0862358 -0.0485755 0.996011 0.0716868 0.053135 0.0311251 0.00656012 -0.999494 0.0454329 -0.0149859 -0.998855 0.0310862 -0.0463168 -0.998443 0.0257875 -0.0462585 -0.998597 -0.0162226 -0.0499489 -0.99862 0.02863 -0.0272018 -0.99922 0.0714881 -0.0234284 -0.997166 0.924583 -0.129636 -0.358246 0.998995 0.011997 -0.0431922 0.919931 0.0230442 -0.391402 0.419111 -0.0510315 -0.9065 0.384969 -0.0671865 -0.920481 0.0224983 -0.0458977 -0.998693 -0.996764 0.0767218 -0.0240052 -0.995019 -0.0725497 0.0683605 -0.999151 -0.0167919 -0.0376269 -0.986577 -0.162066 0.0200376 0.111112 0.371304 -0.921839 0.00495681 0.386855 -0.922127 -0.0189198 -0.0168056 -0.99968 -0.356089 -0.0507455 -0.933073 -0.365843 -0.0236667 -0.930376 0.029112 0.00818638 -0.999543 -0.919174 0.0424281 -0.39156 -0.907024 -0.131608 -0.399983 -0.984694 -0.166407 -0.0518298 0.995605 0.0693374 -0.0629507 0.998018 -0.045966 0.0429868 0.994414 -0.0958102 0.0442843 -0.032814 -0.0134179 -0.999371 0.0317764 -0.0130262 -0.99941 -0.0366063 0.340643 -0.93948 0.0610569 0.359813 -0.931025 0.00729142 -0.0194839 -0.999784 0.0342328 -0.0334018 -0.998856 0.0126671 -0.0274413 -0.999543 0.0169662 -0.0145377 -0.99975 0.0125958 -0.0159109 -0.999794 0.0335652 -0.395064 -0.91804 -0.0592895 -0.375396 -0.924966 -0.0290649 -0.0281443 -0.999181 -0.997902 -0.0612531 0.0209775 -0.990726 -0.0952466 -0.0969046 -0.999649 0.026465 -0.00109852 0.921685 -0.0350656 0.386352 0.92239 0.0674722 0.380322 -0.00121671 -0.0610122 -0.998136 0.00373821 0.00778908 -0.999963 -0.379709 -0.018198 -0.924927 -0.367626 0.0839672 -0.926175 0.00244691 -0.022387 -0.999746 0.0137074 0.00855466 -0.999869 0.011315 -0.0149017 -0.999825 0.00350277 -0.0166394 -0.999855 0.00573767 -0.0214779 -0.999753 0.381124 -0.0264896 -0.924145 0.00997424 -0.0605226 -0.998117 0.383235 -0.128594 -0.914656 -0.923397 -0.0973886 0.371286 -0.917652 -0.186121 0.351103 0.00889693 -0.0213415 -0.999733 0.0144854 -0.0181941 -0.99973 0.00460574 -0.0181297 -0.999825 0.0102308 -0.0176247 -0.999792 0.997777 -0.0125293 -0.0654541 0.911033 -0.410228 -0.0416077 0.999979 -0.00358815 0.00548756 0.911643 -0.405124 0.0691502 0.0513193 0.0360605 0.998031 0.0502452 0.134256 0.989672 -0.049377 0.203741 0.977779 -0.0126757 0.289038 0.957234 0.999658 0.0260943 0.00156686 0.999995 0.00122911 0.00276962 0.99974 -0.0227239 -0.00187301 0.99955 -0.0280941 -0.0104807 0.998335 -0.0286753 -0.0500492 0.999899 -0.00496942 -0.0133397 0.999362 0.00817249 0.0347672 0.380005 0.0478305 0.923747 0.404056 0.255404 0.878355 0.0695624 0.303512 0.950285 0.922693 0.0560649 0.381437 0.92511 0.0795187 0.37128 0.999915 -0.012052 0.00498125 0.0531897 -0.0289845 -0.998164 -0.0489257 -0.192323 -0.980111 0.0471981 -0.123601 -0.991209 -0.0193951 -0.274083 -0.96151 0.998753 0.000782837 -0.0499113 0.916681 0.39865 -0.0278195 0.909475 0.393248 -0.134948 0.922974 -0.0621841 -0.379805 0.92392 -0.0443484 -0.380007 0.999741 0.0217973 -0.00656152 0.38038 -0.0448041 -0.923744 0.39647 -0.216392 -0.892181 0.059434 -0.264332 -0.962599 0.126817 0.216384 0.968037 -0.0184128 0.21059 0.977401 -0.0103745 0.0525017 0.998567 0.930166 0.366421 -0.0229476 0.99985 0.0042344 -0.0167745 0.933274 0.353371 0.0642616 0.998891 0.00561667 0.0467489 0.999964 -0.00101203 0.00841605 0.999123 -0.00482696 0.0415894 0.999862 -0.0076422 0.0147827 0.999993 -0.00202491 0.00310696 0.999978 -0.0064873 0.00140152 0.92484 -0.371054 0.0836011 0.933982 -0.357058 -0.0137069 0.999667 -0.0044282 -0.0254284 -0.0251094 -0.186818 -0.982074 0.106604 -0.183065 -0.977304 -0.019199 -0.0362383 -0.999159 -0.378255 0.219124 0.899393 -0.345445 0.301116 0.888818 0.999524 -0.0308405 -0.000195045 0.999014 0.0431566 -0.0103907 0.92945 -0.059728 -0.364082 0.915741 0.0473053 -0.398976 0.999982 0.00592876 -0.000109055 0.998957 0.0456506 -0.00101542 0.999833 0.0168976 0.00704215 0.999932 0.00676204 0.00951842 0.999906 0.00399397 0.0131412 0.92845 0.0725262 0.364309 0.999731 -0.0220132 0.00733115 0.917747 -0.0259469 0.396316 -0.382597 -0.193269 -0.903475 -0.354455 -0.276815 -0.89316 0.999816 0.00326274 -0.0189159 0.999933 0.00502733 -0.0104423 0.999832 0.0146922 -0.0109807 0.999811 0.0178922 -0.00756571 -0.0516962 -0.000256369 -0.998663 -0.0240901 -0.399059 -0.916609 0.0193239 0.00762459 -0.999784 0.0860757 -0.391066 -0.916329 0.997736 -0.00936498 -0.0666023 0.994604 0.0929541 -0.0460736 0.98429 0.171709 0.0410998 0.966313 0.256678 0.0188498 0.00442703 0.0168575 -0.999848 -0.00833596 -0.0100673 -0.999915 0.00387081 0.0123823 -0.999916 -0.00157146 -0.0255849 -0.999671 -0.0388972 -0.0121469 -0.999169 -0.00345397 0.0106527 -0.999937 0.0460951 0.0200903 -0.998735 0.926813 0.00709387 -0.375455 0.889142 0.225773 -0.398062 0.959867 0.273571 -0.0617568 0.387021 0.0318894 -0.92152 0.375382 0.0636279 -0.924684 0.00597372 -0.014433 -0.999878 -0.997157 0.019947 -0.0726614 -0.988383 -0.14763 0.0361101 -0.996547 -0.0702509 -0.0442549 -0.974678 -0.221622 0.0297646 -0.0372131 0.0118877 -0.999237 -0.0123821 0.398841 -0.916937 -0.118606 0.391542 -0.912485 -0.379452 -0.0401012 -0.924342 -0.386467 -0.0245728 -0.921976 -0.00693413 0.0265588 -0.999623 -0.924043 0.0010445 -0.382286 -0.906553 -0.172947 -0.385033 -0.975748 -0.213909 -0.0464717 0.974907 0.192108 -0.11248 0.988896 0.1459 0.0282574 0.999121 0.04071 0.0099463 -0.0236645 0.369383 -0.928976 -0.0165098 0.00425031 -0.999855 0.064459 0.357933 -0.93152 0.0469829 0.00564398 -0.99888 0.00902732 -0.00129763 -0.999958 0.0423667 -0.00493024 -0.99909 0.0140907 -0.00740346 -0.999873 0.00409581 -0.00399122 -0.999984 0.00198168 -0.00781754 -0.999968 0.0853675 -0.380805 -0.920706 -0.0139899 -0.366869 -0.930167 -0.025843 -0.00451368 -0.999656 -0.994071 -0.102228 0.0370502 -0.986625 -0.141113 -0.0816008 -0.999628 -0.0114538 0.0247587 0.908278 0.160773 0.386243 0.898696 0.258887 0.354011 0.000125298 -0.0312689 -0.999511 -0.00808839 0.0422395 -0.999075 -0.366623 -0.0576116 -0.928584 -0.395459 0.0496577 -0.917141 0.00030158 0.00682032 -0.999977 -0.000351874 0.0467598 -0.998906 0.00691018 0.0151808 -0.999861 0.00967397 0.00672621 -0.999931 0.0131315 0.00380864 -0.999907 0.367341 0.0765359 -0.926932 0.00724993 -0.0233485 -0.999701 0.391867 -0.0238031 -0.919714 -0.914688 -0.10167 0.391165 -0.906427 -0.203715 0.369986 -0.00850439 0.0106323 -0.999907 -0.000122088 0.0123969 -0.999923 -0.00574054 0.0159188 -0.999857 -0.000964439 0.0162993 -0.999867 0.997776 0.0084181 -0.0661306 0.914041 0.399995 -0.0673272 0.999983 0.0039637 0.00426145 0.910951 0.410322 0.0424854 0.0528001 0.022045 0.998362 0.0529475 -0.0891914 0.994606 -0.0543844 -0.156244 0.98622 -0.0128815 -0.250209 0.968106 0.999711 -0.0239375 0.00207454 0.999994 -0.00180419 0.00298899 0.999783 0.0207092 -0.00233886 0.999578 0.0268962 -0.0110126 0.998344 0.026018 -0.0512979 0.999904 0.00409649 -0.0132223 0.999317 -0.00606376 0.0364481 0.385395 -0.00898409 0.922708 0.398615 -0.225246 0.889028 0.0644764 -0.272443 0.960009 0.924811 -0.0388223 0.37844 0.924777 -0.0633242 0.375204 0.99988 0.0146111 0.00509474 0.0539038 -0.0269218 -0.998183 -0.0545841 0.147284 -0.987587 0.0501315 0.0812988 -0.995428 -0.0186248 0.238383 -0.970993 0.998812 -0.00393334 -0.0485701 0.919298 -0.39356 -0.00140057 0.908772 -0.403058 -0.108064 0.92504 0.0451242 -0.37718 0.923674 0.0297267 -0.382025 0.999654 -0.0254706 -0.00657101 0.385548 0.00759463 -0.922657 0.392794 0.18806 -0.900192 0.0561644 0.234812 -0.970417 0.112817 -0.191843 0.97492 -0.0274701 -0.146192 0.988875 -0.00921141 -0.041999 0.999075 0.92891 -0.369397 -0.025937 0.999829 -0.00433166 -0.0179891 0.93198 -0.357051 0.0626719 0.998932 -0.00562357 0.0458705 0.999965 0.000980006 0.00833183 0.999145 0.00486356 0.0410605 0.999884 0.00721158 0.013414 0.999988 0.00321865 0.00371467 0.999979 0.0063249 0.00116298 0.924061 0.373132 0.0829723 0.932741 0.36024 -0.0148881 0.999648 0.0045047 -0.0261331 -0.0318356 0.125875 -0.991535 0.0940884 0.158699 -0.982834 -0.0160235 0.0290752 -0.999449 -0.386361 -0.161883 0.90803 -0.3464 -0.2561 0.902452 0.999494 0.0318025 -0.000563523 0.999084 -0.0417568 -0.00937095 0.92868 0.0581749 -0.366291 0.914296 -0.0473292 -0.402273 0.999983 -0.00589296 -9.27707e-05 0.99896 -0.04559 -0.000394392 0.999842 -0.0162703 0.00711049 0.99994 -0.00641386 0.00885766 0.999914 -0.00365766 0.0126036 0.927777 -0.0696227 0.366581 0.999731 0.0221278 0.00693288 0.916137 0.0284791 0.399853 -0.388635 0.139944 -0.910702 -0.353926 0.236302 -0.90493 0.999811 -0.00431225 -0.0189397 0.999942 -0.00531945 -0.00940548 0.999811 -0.0159916 -0.0110466 0.999829 -0.0172485 -0.00662285 0.0656633 -0.00913822 0.9978 0.0712723 -0.391576 0.917381 -0.00295145 -0.00594755 0.999978 -0.0370901 -0.408105 0.912181 -0.997479 -0.0406471 0.0581586 -0.996288 0.0688798 0.0516243 -0.989205 0.136816 -0.0524784 -0.973161 0.229426 -0.0179369 -0.00233251 0.0248172 0.999689 -0.00222049 0.00439244 0.999988 0.00264892 -0.0165719 0.999859 0.0107116 -0.0234975 0.999667 0.051922 -0.0214391 0.998421 0.0142676 -0.00143774 0.999897 -0.0329564 0.0119362 0.999386 -0.922344 -0.00710238 0.386304 -0.895089 0.211346 0.392617 -0.965293 0.254695 0.0577827 -0.377927 0.0340704 0.925208 -0.378328 0.0586975 0.923809 -0.00546838 -0.0137137 0.999891 0.997655 0.0135168 0.0670997 0.985858 -0.162622 -0.0404625 0.995399 -0.0850251 0.0441872 0.969695 -0.243136 -0.0240298 0.0499461 0.0040705 0.998744 0.0285018 0.3998 0.916159 0.134362 0.387071 0.912208 0.383159 -0.0381761 0.922893 0.382549 -0.0267299 0.923549 0.00685112 0.0281268 0.999581 0.925785 -0.00676248 0.377989 0.900935 -0.185588 0.392268 0.970935 -0.233265 0.053606 -0.978718 0.177682 0.10267 -0.991663 0.124823 -0.0319834 -0.999536 0.0246076 -0.0179745 0.0293538 0.374414 0.926797 0.0203885 0.00444936 0.999782 -0.0606377 0.361655 0.930338 -0.0440574 0.00557003 0.999014 -0.00667995 -0.000288426 0.999978 -0.0389612 -0.00478796 0.999229 -0.0115386 -0.00646598 0.999913 -0.00295894 -0.00154168 0.999995 -0.00032281 -0.0045708 0.99999 -0.0806118 -0.373164 0.924257 0.0173448 -0.361014 0.932399 0.0283315 -0.00459691 0.999588 0.991783 -0.123699 -0.0326303 0.983288 -0.156667 0.0927319 0.9995 -0.0264217 -0.017353 -0.911909 0.13008 -0.389233 -0.907556 0.22641 -0.353667 6.45714e-05 -0.0409195 0.999162 0.00846853 0.0347894 0.999359 0.367363 -0.0637479 0.92789 0.401279 0.0398571 0.915088 0.000435301 0.00497229 0.999988 2.30814e-05 0.0383934 0.999263 -0.00650236 0.0142793 0.999877 -0.00744845 0.0057608 0.999956 -0.0107124 0.00280576 0.999939 -0.367086 0.0666755 0.927795 -0.00737013 -0.0306267 0.999504 -0.393301 -0.0333268 0.918805 0.911102 -0.137297 -0.388643 0.901717 -0.237298 -0.361382 0.0197604 0.00286557 0.999801 0.0108402 0.00273992 0.999938 0.0118537 0.0156436 0.999807 0.00733181 0.0152947 0.999856 0.348573 -0.0974286 0.932204 0.926787 -0.37444 -0.0293347 0.928041 -0.0347612 0.370853 0.933929 0.357321 0.00992061 0.358482 0.0655334 -0.931233 0.946405 0.0280847 -0.321759 0.944747 0.326844 0.0250265 0.381376 0.0506105 0.923034 0.938473 0.000738017 0.345351 0.390881 -0.0646316 -0.918169 0.944221 -0.329303 0.00237024 0.947881 0.00649043 -0.31856 0.94397 0.0402906 -0.327563 -0.330797 0.012194 0.943623 0.943114 0.331793 0.0211889 -0.316592 -0.0447402 -0.947506 0.941495 -0.0185038 0.336519 0.94556 -0.325449 -7.7188e-05 0.935555 -0.352903 -0.0140084 -0.370588 0.109786 0.922286 0.934689 0.0381223 -0.353416 -0.375778 -0.13557 -0.91674 0.932847 0.360189 -0.00777035 0.937342 -0.0161382 0.348038 0.922806 0.136464 -0.360288 -0.0124903 0.367409 -0.929975 0.353296 0.0618378 -0.933466 0.0292061 -0.369545 -0.928754 -0.926925 -0.141539 -0.347529 -0.327997 -0.065242 -0.942423 0.0204968 -0.326062 -0.945126 0.921258 -0.073707 -0.381904 0.341923 -0.0111134 -0.939662 -0.930133 0.053658 -0.363282 0.0198239 0.334653 -0.942133 -0.321153 -0.010041 -0.946974 -0.321967 -0.0362777 -0.946056 0.939058 -0.00457774 0.343727 0.0177129 -0.333297 -0.942656 -0.932006 0.00175855 0.36244 0.336825 0.0215584 -0.941321 0.0214643 0.320469 -0.947016 -0.0010469 0.35542 -0.934706 0.922314 -0.105328 0.371809 -0.345462 -0.0363025 -0.93773 -0.91716 0.0964632 0.386667 0.00904908 -0.352612 -0.935726 0.35069 0.0207916 -0.936261 0.35396 0.104081 0.929451 0.930222 0.366736 -0.0138273 0.933561 0.0418322 0.355969 0.930129 -0.366317 0.0259156 0.361279 -0.117859 -0.924979 0.941258 -0.0475784 -0.334319 0.945328 -0.325523 0.0197317 0.369649 -0.0357922 0.928482 0.937639 0.016485 0.347219 0.372512 0.016029 -0.927889 0.943588 0.330768 0.0153079 0.946212 -0.029076 -0.32224 0.946079 -0.034618 -0.322081 -0.341868 -0.00974414 0.939697 0.942796 -0.332932 0.017127 -0.342343 -0.00431852 -0.939565 0.938843 0.0229713 0.343577 0.945153 0.326165 0.0173746 0.934371 0.356296 0.00187401 -0.370677 -0.100093 0.923352 0.938284 -0.0332191 -0.344267 -0.362758 0.0837495 -0.928112 0.934078 -0.356992 0.00745239 0.933804 0.0209999 0.357169 0.91327 -0.185917 -0.362453 -0.00121087 -0.387707 -0.921782 0.36161 -0.0978054 -0.927185 0.0578868 0.34033 -0.938523 -0.932474 0.0692719 -0.354534 -0.314198 0.0117557 -0.949285 0.00771362 0.309526 -0.95086 0.930194 0.0140651 -0.3668 0.343902 -0.0312712 -0.938485 -0.900314 -0.130722 -0.415147 -0.0148961 -0.348416 -0.937222 -0.310099 -0.052991 -0.949226 -0.331636 0.00861961 -0.943368 0.930456 -0.04843 0.363189 0.00376254 0.316858 -0.948466 -0.952357 -0.0647366 0.298036 0.332463 -0.0504037 -0.941769 -0.017346 -0.339753 -0.940355 0.00642231 -0.371204 -0.928529 0.931486 0.0533147 0.359848 -0.343257 0.00880754 -0.9392 -0.909382 -0.155757 0.385701 0.0385792 0.341126 -0.939226 0.360009 -0.0509719 -0.931555 0.359388 0.0158747 0.933053 0.925446 -0.378837 -0.00562872 0.940088 -0.0118162 0.340726 0.93537 0.349703 -0.0528226 0.361372 -0.0142973 -0.932312 0.940228 0.00279198 -0.340534 0.947772 0.318655 0.0136706 0.441428 0.26824 0.856264 0.949003 0.11068 0.295201 0.413646 -0.2037 -0.887358 0.942437 -0.333681 0.0216735 0.944814 -0.0635492 -0.321385 0.945001 -0.0261792 -0.326018 -0.278403 0.0889107 0.95634 0.944792 0.327498 0.0106229 -0.283795 -0.0664357 -0.956581 0.943081 0.0351681 0.330698 0.947627 -0.31838 0.0252348 0.93305 -0.359658 0.00796109 -0.36692 0.282731 0.886247 0.930911 -0.0218983 -0.364589 -0.368642 -0.262575 -0.891716 0.929243 0.365283 -0.0554579 0.93512 0.0467906 0.351227 0.928886 -0.0283236 -0.369282 0.00784803 -0.362268 -0.932041 0.335212 -0.0310758 -0.94163 -0.0386969 0.354995 -0.934067 -0.925824 0.0282991 -0.376894 -0.334431 0.018417 -0.94224 0.0152609 0.321625 -0.946744 0.86784 0.247359 -0.430891 0.302619 0.0984611 -0.948012 -0.90491 -0.167112 -0.391422 0.0211479 -0.343148 -0.939043 -0.332667 -0.0506599 -0.941683 -0.32865 -0.0219543 -0.944197 0.93886 0.130036 0.318797 0.0113829 0.330634 -0.94369 -0.938851 -0.082137 0.334383 0.337094 0.035786 -0.940791 0.0248338 -0.326709 -0.944799 0.0206334 -0.351037 -0.936134 0.896667 0.248963 0.366068 -0.35917 -0.0175473 -0.933107 -0.908577 -0.204087 0.364467 -0.0420017 0.361601 -0.931386 0.34884 0.0428087 -0.936204 0.363191 0.0319574 0.931167 0.927149 0.373646 -0.0279987 0.941626 0.0263151 0.33563 0.936679 -0.348831 -0.0308251 0.364529 -0.0321452 -0.930637 0.941694 -0.0179923 -0.33599 0.946573 -0.322192 0.0138212 0.430541 -0.246172 0.868351 0.947951 -0.0978506 0.303007 0.404524 0.181308 -0.896375 0.941672 0.335954 0.0197244 0.943821 0.0529723 -0.326183 0.944305 0.023318 -0.328244 -0.3189 -0.131551 0.938614 0.944067 -0.329597 0.0101605 -0.325224 0.112585 -0.938911 0.942477 -0.0322973 0.332706 0.94685 0.320785 0.023933 0.933168 0.359172 -0.0139036 -0.368192 -0.238945 0.898521 0.930825 0.0165693 -0.36509 -0.370052 0.222344 -0.902011 0.929437 -0.367523 -0.0327707 0.934757 -0.040321 0.352993 -0.928528 -0.0466828 0.368315 0.0316683 -0.366129 0.930025 -0.332172 -0.0287047 0.942782 0.0529311 0.350709 0.934988 0.928434 0.0267619 0.370532 0.336996 0.0226379 0.941234 -0.0119553 0.32749 0.944779 -0.875825 0.23611 0.42093 -0.307706 0.0952204 0.946705 0.897288 -0.178722 0.403648 -0.0178297 -0.335329 0.941932 0.327301 -0.0502398 0.943584 0.331535 -0.0254348 0.9431 -0.938951 0.10538 -0.327514 -0.00870556 0.333164 0.942829 0.939085 -0.109735 -0.325695 -0.332714 0.0294797 0.942567 -0.0218758 -0.322063 0.946465 0.0181519 -0.356667 0.934056 -0.904895 0.213241 -0.368365 0.362301 -0.0189786 0.931868 0.901049 -0.231586 -0.366714 0.0545667 0.360227 0.931267 -0.349889 0.0389013 0.935983 </float_array>
          <technique_common>
            <accessor count="768" offset="0" source="#meshId1-bitangents-array" stride="3">
              <param name="X" type="float" />
              <param name="Y" type="float" />
              <param name="Z" type="float" />
            </accessor>
          </technique_common>
        </source>
        <source id="meshId1-tex0" name="meshId1-tex0">
          <float_array id="meshId1-tex0-array" count="1536"> 0.146418 0.392974 0.190427 0.393517 0.146846 0.395593 0.189811 0.396671 0.342405 0.391239 0.341367 0.348145 0.345655 0.391477 0.344288 0.347486 0.34247 0.39712 0.345764 0.396769 0.344848 0.660985 0.348171 0.661247 0.143524 0.395447 0.131794 0.659676 0.135069 0.659639 0.342495 0.394234 0.297611 0.395351 0.297791 0.39839 0.342495 0.394234 0.297791 0.39839 0.297957 0.401488 0.344729 0.666694 0.348025 0.666491 0.341838 0.718381 0.344766 0.719104 0.134411 0.662228 0.18712 0.662878 0.186643 0.659703 0.344887 0.663803 0.300697 0.66058 0.300859 0.657552 0.300421 0.663568 0.344887 0.663803 0.300697 0.66058 0.294292 0.395976 0.291509 0.353045 0.294617 0.353085 0.291484 0.401748 0.249326 0.401218 0.291816 0.398585 0.248798 0.398054 0.294705 0.401702 0.29432 0.657266 0.297561 0.657368 0.294705 0.401702 0.297561 0.657368 0.29467 0.66039 0.245546 0.659783 0.246107 0.656624 0.29704 0.663039 0.292191 0.711928 0.295311 0.712005 0.294044 0.350102 0.341572 0.345035 0.242853 0.400909 0.19624 0.397023 0.243426 0.397792 0.195798 0.393773 0.246106 0.401118 0.239659 0.656775 0.242903 0.656644 0.246106 0.401118 0.242903 0.656644 0.240192 0.659912 0.193048 0.659511 0.192477 0.662754 0.294626 0.714925 0.341977 0.721453 0.193051 0.396785 0.189868 0.659671 0.193051 0.396785 0.189868 0.659671 0.535891 0.667385 0.503302 0.66745 0.535404 0.664802 0.504046 0.664345 0.361203 0.669692 0.361619 0.70123 0.35796 0.66932 0.358743 0.7019 0.361187 0.663686 0.357884 0.663989 0.360396 0.387592 0.357036 0.387352 0.540795 0.388448 0.538772 0.664881 0.544156 0.388294 0.361141 0.666629 0.40748 0.665837 0.407446 0.662743 0.361141 0.666629 0.407446 0.662743 0.407381 0.659592 0.36038 0.381736 0.357078 0.382079 0.360576 0.346957 0.357715 0.346306 0.541411 0.385904 0.50565 0.387031 0.50631 0.390123 0.360341 0.384724 0.406493 0.388255 0.40643 0.391367 0.406529 0.385214 0.360341 0.384724 0.406493 0.388255 0.410752 0.665154 0.41151 0.696717 0.408431 0.696613 0.413849 0.659375 0.444291 0.660006 0.413379 0.662514 0.444945 0.663114 0.410628 0.659399 0.412943 0.391785 0.409725 0.391595 0.410628 0.659399 0.409725 0.391595 0.412507 0.388589 0.44723 0.390306 0.446533 0.393382 0.409903 0.385803 0.410524 0.351043 0.407472 0.351183 0.408862 0.699705 0.36144 0.704424 0.450854 0.660321 0.497547 0.664036 0.450383 0.663387 0.497881 0.667242 0.447553 0.660121 0.453047 0.393348 0.449784 0.393451 0.447553 0.660121 0.449784 0.393451 0.452626 0.390271 0.499858 0.390483 0.500261 0.387282 0.407895 0.348084 0.360362 0.343757 0.500772 0.66426 0.503046 0.39028 0.500772 0.66426 0.503046 0.39028 0.429236 0.334745 0.381067 0.334943 0.428714 0.33214 0.381637 0.331773 0.223263 0.33665 0.223943 0.383946 0.22 0.336399 0.220997 0.384558 0.223255 0.330822 0.219943 0.331131 0.223282 0.0623442 0.219942 0.0620562 0.432026 0.332227 0.434931 0.0631687 0.431618 0.0632695 0.223206 0.333685 0.269618 0.332955 0.269552 0.329925 0.223206 0.333685 0.269552 0.329925 0.269437 0.326821 0.22324 0.0565702 0.219954 0.0568126 0.223109 0.00813413 0.220163 0.00756556 0.432202 0.060692 0.382955 0.0608948 0.383471 0.0640658 0.223225 0.0595132 0.269487 0.063212 0.269366 0.0663089 0.26953 0.0602044 0.223225 0.0595132 0.269487 0.063212 0.272967 0.332403 0.273942 0.379533 0.270815 0.379469 0.275874 0.326622 0.322139 0.327534 0.275541 0.329823 0.322673 0.33068 0.272674 0.326642 0.275814 0.0666167 0.272619 0.0665107 0.272674 0.326642 0.272619 0.0665107 0.275529 0.0633757 0.323925 0.067396 0.324497 0.0642663 0.272932 0.060717 0.27318 0.0117425 0.270066 0.0118619 0.271274 0.38245 0.223693 0.387023 0.328635 0.327848 0.375213 0.331491 0.328056 0.330945 0.375705 0.334743 0.325366 0.327647 0.330408 0.0672492 0.327152 0.067383 0.325366 0.327647 0.327152 0.067383 0.329868 0.0641403 0.377064 0.0643259 0.377603 0.061075 0.270483 0.00886667 0.222802 0.00505412 0.378403 0.331705 0.38024 0.0641448 0.378403 0.331705 0.38024 0.0641448 0.425116 0.674898 0.456128 0.674564 0.425587 0.677487 0.455309 0.677691 0.598916 0.670977 0.600325 0.641405 0.602148 0.671426 0.603238 0.6409 0.598771 0.677009 0.60208 0.676737 0.602417 0.948681 0.605696 0.948976 0.422179 0.67741 0.415307 0.949566 0.418598 0.949494 0.598834 0.67406 0.552455 0.67411 0.552339 0.67723 0.598834 0.67406 0.552339 0.67723 0.552382 0.680425 0.605264 0.954265 0.598648 0.992946 0.601968 0.954502 0.595823 0.992075 0.418009 0.952093 0.457248 0.95161 0.456546 0.948588 0.602396 0.951577 0.556229 0.9473 0.556376 0.944278 0.602396 0.951577 0.556229 0.9473 0.55581 0.950305 0.54917 0.674716 0.550304 0.64295 0.553355 0.64324 0.545938 0.680632 0.515271 0.68038 0.546372 0.677406 0.514586 0.677283 0.549153 0.68059 0.549792 0.943934 0.553055 0.944046 0.549153 0.68059 0.553055 0.944046 0.550298 0.946918 0.51546 0.946725 0.516066 0.943569 0.549535 0.984024 0.552511 0.949569 0.546466 0.983879 0.553119 0.640109 0.600696 0.638231 0.508691 0.680207 0.461845 0.677869 0.509135 0.677132 0.461584 0.67467 0.511997 0.680321 0.509628 0.943836 0.512864 0.94362 0.511997 0.680321 0.512864 0.94362 0.510113 0.946958 0.463088 0.94819 0.46268 0.951333 0.548659 0.986969 0.595569 0.995242 0.4586 0.677731 0.459849 0.948465 0.4586 0.677731 0.459849 0.948465 0.447789 0.0397536 0.44733 0.0373684 0.480009 0.0405168 0.482211 0.0379406 0.629367 0.0367403 0.626304 0.0364432 0.625576 0.00803895 0.622939 0.00869897 0.626585 0.0420313 0.629709 0.0417196 0.626016 0.350803 0.629139 0.351096 0.444141 0.0396751 0.443416 0.34895 0.447041 0.349007 0.626597 0.0392751 0.581102 0.0440254 0.580993 0.041255 0.626597 0.0392751 0.581102 0.0440254 0.580754 0.0467908 0.628834 0.356067 0.62551 0.38486 0.625763 0.356393 0.62285 0.38424 0.47929 0.34954 0.446572 0.351412 0.481481 0.352512 0.626023 0.353564 0.580472 0.349347 0.580122 0.346444 0.626023 0.353564 0.580472 0.349347 0.580397 0.352236 0.578522 0.0421221 0.574916 0.0138203 0.572095 0.013754 0.576113 0.0445265 0.574246 0.04708 0.542005 0.0437838 0.543361 0.0469048 0.577497 0.0470118 0.573597 0.346089 0.57686 0.346212 0.577497 0.0470118 0.57686 0.346212 0.575456 0.348999 0.541378 0.348275 0.542755 0.345357 0.574767 0.379874 0.577918 0.351553 0.571963 0.379998 0.574033 0.0110693 0.62277 0.0056833 0.536959 0.0465306 0.48691 0.0409751 0.536622 0.0434556 0.487864 0.0382553 0.540179 0.0468068 0.536344 0.34552 0.539564 0.345364 0.540179 0.0468068 0.539564 0.345364 0.535983 0.348416 0.486176 0.349361 0.487121 0.35241 0.573933 0.382662 0.622743 0.387245 0.483514 0.0406502 0.482778 0.349534 0.483514 0.0406502 0.482778 0.349534 0.00765154 0.0392893 0.00716782 0.0369007 0.0398727 0.0397158 0.0420555 0.0370698 0.209947 0.0359345 0.206895 0.0355231 0.207219 0.00693959 0.204605 0.00756368 0.210166 0.0409392 0.206234 0.350089 0.207043 0.0412028 0.203112 0.349898 0.004004 0.0392448 0.00635027 0.348314 0.00993784 0.348295 0.20709 0.0384054 0.151308 0.043279 0.151269 0.0404492 0.20709 0.0384054 0.151308 0.043279 0.150955 0.0461 0.206053 0.355062 0.204353 0.384242 0.202972 0.355539 0.201656 0.383723 0.0423239 0.348463 0.00948185 0.350753 0.0444891 0.351451 0.203109 0.352692 0.150572 0.350089 0.150201 0.347141 0.203109 0.352692 0.150572 0.350089 0.150616 0.353052 0.148887 0.0412847 0.146268 0.0127053 0.143502 0.0125555 0.146367 0.0437245 0.144448 0.0463327 0.112092 0.042962 0.113511 0.0461005 0.147701 0.0462811 0.143644 0.346914 0.146932 0.347007 0.147701 0.0462811 0.146932 0.347007 0.145541 0.34988 0.111337 0.349137 0.112792 0.346207 0.146575 0.381073 0.148185 0.3525 0.143837 0.381343 0.145517 0.00987512 0.204521 0.00452003 0.10708 0.045769 0.046752 0.0400831 0.106688 0.0426719 0.0476832 0.0373079 0.110309 0.0460087 0.106335 0.346251 0.109565 0.346189 0.110309 0.0460087 0.109565 0.346189 0.105904 0.349172 0.0491514 0.348375 0.0500844 0.351413 0.14593 0.383963 0.201726 0.386719 0.0433639 0.0398085 0.0457687 0.348458 0.0433639 0.0398085 0.0457687 0.348458 0.838917 0.352314 0.839365 0.354757 0.806752 0.351629 0.804533 0.354197 0.639123 0.35537 0.642197 0.355769 0.643659 0.384029 0.646305 0.383409 0.641804 0.350092 0.638716 0.350361 0.642391 0.041782 0.639301 0.0415269 0.842533 0.352402 0.843275 0.0436676 0.839675 0.04362 0.641831 0.352913 0.697571 0.348034 0.697636 0.350869 0.641831 0.352913 0.697571 0.348034 0.69789 0.345209 0.639681 0.036524 0.643849 0.00778025 0.642762 0.0361046 0.646514 0.00836867 0.807473 0.0430229 0.840136 0.0411603 0.805283 0.0400735 0.642423 0.0389578 0.698221 0.0433286 0.698539 0.0462757 0.642423 0.0389578 0.698221 0.0433286 0.698259 0.0403885 0.700065 0.350036 0.702691 0.378631 0.705467 0.378785 0.702563 0.347589 0.704392 0.34497 0.736599 0.3483 0.735208 0.345164 0.701144 0.345026 0.705052 0.0465844 0.701793 0.0464753 0.701144 0.345026 0.701793 0.0464753 0.703233 0.043625 0.737244 0.04432 0.735845 0.0472606 0.702954 0.0124448 0.700691 0.0410388 0.705714 0.0122431 0.703451 0.381458 0.646551 0.386451 0.741616 0.345499 0.799792 0.351207 0.741981 0.348593 0.798852 0.353914 0.738397 0.345254 0.742264 0.0471258 0.739046 0.0472581 0.738397 0.345254 0.739046 0.0472581 0.742637 0.0442037 0.800531 0.043172 0.799614 0.0401505 0.703672 0.00958622 0.64671 0.00533545 0.803222 0.351507 0.803958 0.0430186 0.803222 0.351507 0.803958 0.0430186 0.720334 0.359283 0.719889 0.356818 0.7525 0.359965 0.754701 0.357395 0.923119 0.355918 0.920039 0.355462 0.918928 0.327156 0.916255 0.327729 0.920397 0.36115 0.923485 0.36093 0.918858 0.669011 0.921982 0.669265 0.71674 0.359182 0.715713 0.667422 0.719323 0.667467 0.920377 0.358319 0.863024 0.362247 0.863011 0.359388 0.920377 0.358319 0.863024 0.362247 0.86269 0.365082 0.921762 0.67426 0.91945 0.703386 0.918692 0.67469 0.916808 0.702796 0.751543 0.667982 0.718844 0.669891 0.753678 0.670994 0.918867 0.671816 0.862968 0.667531 0.862634 0.66458 0.918867 0.671816 0.862968 0.667531 0.862942 0.670476 0.860595 0.360166 0.85856 0.331519 0.855809 0.331306 0.858024 0.362641 0.856172 0.365273 0.823946 0.36199 0.825354 0.365126 0.859433 0.365224 0.856124 0.664285 0.859381 0.664386 0.859433 0.365224 0.859381 0.664386 0.857972 0.667249 0.823891 0.666616 0.825319 0.663672 0.858311 0.698461 0.860525 0.669833 0.855555 0.698664 0.85787 0.328657 0.91606 0.324696 0.818928 0.364861 0.759444 0.360318 0.818546 0.361759 0.760368 0.357624 0.822149 0.365054 0.818886 0.663812 0.822113 0.66368 0.822149 0.365054 0.822113 0.66368 0.818487 0.666737 0.758392 0.66784 0.759283 0.67092 0.857602 0.701329 0.916783 0.70583 0.756012 0.36007 0.755013 0.667984 0.756012 0.36007 0.755013 0.667984 0.345742 0.394259 0.143636 0.392939 0.345742 0.394259 0.131682 0.662194 0.348194 0.663767 0.348194 0.663767 0.294463 0.398618 0.294463 0.398618 0.294463 0.398618 0.2973 0.660422 0.2973 0.660422 0.2973 0.660422 0.246138 0.398021 0.291337 0.35039 0.246138 0.398021 0.291931 0.714553 0.242907 0.659751 0.242907 0.659751 0.193161 0.393551 0.344203 0.344754 0.193161 0.393551 0.344598 0.721814 0.189835 0.662911 0.189835 0.662911 0.357892 0.666489 0.538723 0.66738 0.357892 0.666489 0.544204 0.385816 0.357028 0.384873 0.357028 0.384873 0.410687 0.662463 0.410687 0.662463 0.410687 0.662463 0.409855 0.388457 0.409855 0.388457 0.409855 0.388457 0.447664 0.663166 0.411576 0.699435 0.447664 0.663166 0.410572 0.348327 0.449943 0.39044 0.449943 0.39044 0.500516 0.667456 0.358809 0.704685 0.500516 0.667456 0.357764 0.34352 0.502865 0.387118 0.502865 0.387118 0.219943 0.333637 0.431999 0.334733 0.219943 0.333637 0.434958 0.0606806 0.219942 0.0595679 0.219942 0.0595679 0.272913 0.329775 0.272913 0.329775 0.272913 0.329775 0.272918 0.0633283 0.272918 0.0633283 0.272918 0.0633283 0.325328 0.330728 0.273997 0.382188 0.325328 0.330728 0.273193 0.00908339 0.327155 0.0643145 0.327155 0.0643145 0.378348 0.334954 0.221053 0.387277 0.378348 0.334954 0.220174 0.00484395 0.380234 0.0609061 0.380234 0.0609061 0.602048 0.674255 0.422241 0.674929 0.602048 0.674255 0.415242 0.952127 0.60573 0.951538 0.60573 0.951538 0.549074 0.677416 0.549074 0.677416 0.549074 0.677416 0.552975 0.946933 0.552975 0.946933 0.552975 0.946933 0.511851 0.677272 0.550401 0.640217 0.511851 0.677272 0.546004 0.986501 0.512797 0.94671 0.512797 0.94671 0.458945 0.674534 0.603337 0.638126 0.458945 0.674534 0.598176 0.995702 0.460044 0.951576 0.460044 0.951576 0.629713 0.0393598 0.444146 0.0373161 0.629713 0.0393598 0.443411 0.351312 0.629135 0.35346 0.629135 0.35346 0.579081 0.0445911 0.579081 0.0445911 0.579081 0.0445911 0.57844 0.349062 0.57844 0.349062 0.57844 0.349062 0.539107 0.0437207 0.571549 0.0113438 0.539107 0.0437207 0.571453 0.382429 0.538465 0.348213 0.538465 0.348213 0.485404 0.0379929 0.625229 0.00541161 0.485404 0.0379929 0.625208 0.387477 0.484653 0.352612 0.484653 0.352612 0.210196 0.0385789 0.00398608 0.0368852 0.210196 0.0385789 0.00636832 0.350691 0.206204 0.352467 0.206204 0.352467 0.149357 0.043791 0.149357 0.043791 0.149357 0.043791 0.14857 0.349946 0.14857 0.349946 0.14857 0.349946 0.109162 0.0428969 0.143042 0.0100997 0.109162 0.0428969 0.14346 0.383841 0.108375 0.349073 0.108375 0.349073 0.0452342 0.0370852 0.20697 0.00429773 0.0452342 0.0370852 0.204202 0.386841 0.0476078 0.351513 0.0476078 0.351513 0.638711 0.352768 0.842528 0.354808 0.638711 0.352768 0.843281 0.0412585 0.639305 0.039117 0.639305 0.039117 0.699593 0.347527 0.699593 0.347527 0.699593 0.347527 0.700251 0.0435641 0.700251 0.0435641 0.700251 0.0435641 0.739506 0.348361 0.705928 0.381241 0.739506 0.348361 0.706145 0.00977069 0.740164 0.0443797 0.740164 0.0443797 0.801326 0.354146 0.644076 0.386668 0.801326 0.354146 0.644231 0.00515044 0.802094 0.0399741 0.802094 0.0399741 0.923497 0.358513 0.716748 0.356766 0.923497 0.358513 0.715705 0.669792 0.921971 0.671635 0.921971 0.671635 0.861015 0.362699 0.861015 0.362699 0.861015 0.362699 0.860961 0.667305 0.860961 0.667305 0.860961 0.667305 0.821018 0.361934 0.855398 0.328826 0.821018 0.361934 0.855128 0.701141 0.820962 0.666562 0.820962 0.666562 0.757883 0.357448 0.918545 0.324527 0.757883 0.357448 0.919241 0.706017 0.756824 0.671093 0.756824 0.671093 </float_array>
          <technique_common>
            <accessor count="768" offset="0" source="#meshId1-tex0-array" stride="2">
              <param name="S" type="float" />
              <param name="T" type="float" />
            </accessor>
          </technique_common>
        </source>
        <source id="meshId1-tex1" name="meshId1-tex1">
          <float_array id="meshId1-tex1-array" count="1536"> 0 0 0 0 0 0 0 0 0 0 0 0 0 0 0 0 0 0 0 0 0 0 0 0 0 0 0 0 0 0 0 0 0 0 0 0 0 0 0 0 0 0 0 0 0 0 0 0 0 0 0 0 0 0 0 0 0 0 0 0 0 0 0 0 0 0 0 0 0 0 0 0 0 0 0 0 0 0 0 0 0 0 0 0 0 0 0 0 0 0 0 0 0 0 0 0 0 0 0 0 0 0 0 0 0 0 0 0 0 0 0 0 0 0 0 0 0 0 0 0 0 0 0 0 0 0 0 0 0 0 0 0 0 0 0 0 0 0 0 0 0 0 0 0 0 0 0 0 0 0 0 0 0 0 0 0 0 0 0 0 0 0 0 0 0 0 0 0 0 0 0 0 0 0 0 0 0 0 0 0 0 0 0 0 0 0 0 0 0 0 0 0 0 0 0 0 0 0 0 0 0 0 0 0 0 0 0 0 0 0 0 0 0 0 0 0 0 0 0 0 0 0 0 0 0 0 0 0 0 0 0 0 0 0 0 0 0 0 0 0 0 0 0 0 0 0 0 0 0 0 0 0 0 0 0 0 0 0 0 0 0 0 0 0 0 0 0 0 0 0 0 0 0 0 0 0 0 0 0 0 0 0 0 0 0 0 0 0 0 0 0 0 0 0 0 0 0 0 0 0 0 0 0 0 0 0 0 0 0 0 0 0 0 0 0 0 0 0 0 0 0 0 0 0 0 0 0 0 0 0 0 0 0 0 0 0 0 0 0 0 0 0 0 0 0 0 0 0 0 0 0 0 0 0 0 0 0 0 0 0 0 0 0 0 0 0 0 0 0 0 0 0 0 0 0 0 0 0 0 0 0 0 0 0 0 0 0 0 0 0 0 0 0 0 0 0 0 0 0 0 0 0 0 0 0 0 0 0 0 0 0 0 0 0 0 0 0 0 0 0 0 0 0 0 0 0 0 0 0 0 0 0 0 0 0 0 0 0 0 0 0 0 0 0 0 0 0 0 0 0 0 0 0 0 0 0 0 0 0 0 0 0 0 0 0 0 0 0 0 0 0 0 0 0 0 0 0 0 0 0 0 0 0 0 0 0 0 0 0 0 0 0 0 0 0 0 0 0 0 0 0 0 0 0 0 0 0 0 0 0 0 0 0 0 0 0 0 0 0 0 0 0 0 0 0 0 0 0 0 0 0 0 0 0 0 0 0 0 0 0 0 0 0 0 0 0 0 0 0 0 0 0 0 0 0 0 0 0 0 0 0 0 0 0 0 0 0 0 0 0 0 0 0 0 0 0 0 0 0 0 0 0 0 0 0 0 0 0 0 0 0 0 0 0 0 0 0 0 0 0 0 0 0 0 0 0 0 0 0 0 0 0 0 0 0 0 0 0 0 0 0 0 0 0 0 0 0 0 0 0 0 0 0 0 0 0 0 0 0 0 0 0 0 0 0 0 0 0 0 0 0 0 0 0 0 0 0 0 0 0 0 0 0 0 0 0 0 0 0 0 0 0 0 0 0 0 0 0 0 0 0 0 0 0 0 0 0 0 0 0 0 0 0 0 0 0 0 0 0 0 0 0 0 0 0 0 0 0 0 0 0 0 0 0 0 0 0 0 0 0 0 0 0 0 0 0 0 0 0 0 0 0 0 0 0 0 0 0 0 0 0 0 0 0 0 0 0 0 0 0 0 0 0 0 0 0 0 0 0 0 0 0 0 0 0 0 0 0 0 0 0 0 0 0 0 0 0 0 0 0 0 0 0 0 0 0 0 0 0 0 0 0 0 0 0 0 0 0 0 0 0 0 0 0 0 0 0 0 0 0 0 0 0 0 0 0 0 0 0 0 0 0 0 0 0 0 0 0 0 0 0 0 0 0 0 0 0 0 0 0 0 0 0 0 0 0 0 0 0 0 0 0 0 0 0 0 0 0 0 0 0 0 0 0 0 0 0 0 0 0 0 0 0 0 0 0 0 0 0 0 0 0 0 0 0 0 0 0 0 0 0 0 0 0 0 0 0 0 0 0 0 0 0 0 0 0 0 0 0 0 0 0 0 0 0 0 0 0 0 0 0 0 0 0 0 0 0 0 0 0 0 0 0 0 0 0 0 0 0 0 0 0 0 0 0 0 0 0 0 0 0 0 0 0 0 0 0 0 0 0 0 0 0 0 0 0 0 0 0 0 0 0 0 0 0 0 0 0 0 0 0 0 0 0 0 0 0 0 0 0 0 0 0 0 0 0 0 0 0 0 0 0 0 0 0 0 0 0 0 0 0 0 0 0 0 0 0 0 0 0 0 0 0 0 0 0 0 0 0 0 0 0 0 0 0 0 0 0 0 0 0 0 0 0 0 0 0 0 0 0 0 0 0 0 0 0 0 0 0 0 0 0 0 0 0 0 0 0 0 0 0 0 0 0 0 0 0 0 0 0 0 0 0 0 0 0 0 0 0 0 0 0 0 0 0 0 0 0 0 0 0 0 0 0 0 0 0 0 0 0 0 0 0 0 0 0 0 0 0 0 0 0 0 0 0 0 0 0 0 0 0 0 0 0 0 0 0 0 0 0 0 0 0 0 0 0 0 0 0 0 0 0 0 0 0 0 0 0 0 0 0 0 0 0 0 0 0 0 0 0 0 0 0 0 0 0 0 0 0 0 0 0 0 0 0 0 0 0 0 0 0 0 0 0 0 0 0 0 0 0 0 0 0 0 0 0 0 0 0 0 0 0 0 0 0 0 0 0 0 0 0 0 0 0 0 0 0 0 0 0 0 0 0 0 0 0 0 0 0 0 0 0 0 0 0 0 0 0 0 0 0 0 0 0 0 0 0 0 0 0 0 0 0 0 0 0 0 0 0 0 0 0 0 0 0 0 0 0 0 0 0 0 0 0 0 0 0 0 0 0 0 0 0 0 0 0 0 0 0 0 0 0 0 0 0 0 0 0 0 0 0 0 0 0 0 0 0 0 0 0 0 0 0 0 0 0 0 0 0 0 0 0 0 0 0 0 0 0 0 0 0 0 0 0 0 0 0 0 0 0 0 0 0 0 0 0 0 0 0 0 0 0 0 0 0 0 0 0 0 0 0 0 0 0 0 0 0 0 0 0 0 0 0 0 0 0 0 0 0 0 0 0 0 0 0 0 0 0 0 0 0 0 0 0 0 0 0 0 0 0 0 0 0 0 0 0 0 0 0 0 0 0 0 0 0 0 0 0 0 0 0 0 0 0 0 0 0 0 0 0 0 0 0 0 0 0 0 0 0 0 0 0 0 0 0 0 0 0 0 0 0 0 0 0 0 0 0 0 0 0 0 0 0 0 0 0 0 0 0 0 0 0 0 0 0 0 0 0 0 0 0 0 0 0 0 0 0 0 0 0 0 0 0 0 0 0 0 0 0 0 0 0 0 0 0 0 0 0 0 0 0 0 0 0 0 0 0 0 0 0 0 0 0 0 0 0 </float_array>
          <technique_common>
            <accessor count="768" offset="0" source="#meshId1-tex1-array" stride="2">
              <param name="S" type="float" />
              <param name="T" type="float" />
            </accessor>
          </technique_common>
        </source>
        <source id="meshId1-tex2" name="meshId1-tex2">
          <float_array id="meshId1-tex2-array" count="1536"> 0 0 0 0 0 0 0 0 0 0 0 0 0 0 0 0 0 0 0 0 0 0 0 0 0 0 0 0 0 0 0 0 0 0 0 0 0 0 0 0 0 0 0 0 0 0 0 0 0 0 0 0 0 0 0 0 0 0 0 0 0 0 0 0 0 0 0 0 0 0 0 0 0 0 0 0 0 0 0 0 0 0 0 0 0 0 0 0 0 0 0 0 0 0 0 0 0 0 0 0 0 0 0 0 0 0 0 0 0 0 0 0 0 0 0 0 0 0 0 0 0 0 0 0 0 0 0 0 0 0 0 0 0 0 0 0 0 0 0 0 0 0 0 0 0 0 0 0 0 0 0 0 0 0 0 0 0 0 0 0 0 0 0 0 0 0 0 0 0 0 0 0 0 0 0 0 0 0 0 0 0 0 0 0 0 0 0 0 0 0 0 0 0 0 0 0 0 0 0 0 0 0 0 0 0 0 0 0 0 0 0 0 0 0 0 0 0 0 0 0 0 0 0 0 0 0 0 0 0 0 0 0 0 0 0 0 0 0 0 0 0 0 0 0 0 0 0 0 0 0 0 0 0 0 0 0 0 0 0 0 0 0 0 0 0 0 0 0 0 0 0 0 0 0 0 0 0 0 0 0 0 0 0 0 0 0 0 0 0 0 0 0 0 0 0 0 0 0 0 0 0 0 0 0 0 0 0 0 0 0 0 0 0 0 0 0 0 0 0 0 0 0 0 0 0 0 0 0 0 0 0 0 0 0 0 0 0 0 0 0 0 0 0 0 0 0 0 0 0 0 0 0 0 0 0 0 0 0 0 0 0 0 0 0 0 0 0 0 0 0 0 0 0 0 0 0 0 0 0 0 0 0 0 0 0 0 0 0 0 0 0 0 0 0 0 0 0 0 0 0 0 0 0 0 0 0 0 0 0 0 0 0 0 0 0 0 0 0 0 0 0 0 0 0 0 0 0 0 0 0 0 0 0 0 0 0 0 0 0 0 0 0 0 0 0 0 0 0 0 0 0 0 0 0 0 0 0 0 0 0 0 0 0 0 0 0 0 0 0 0 0 0 0 0 0 0 0 0 0 0 0 0 0 0 0 0 0 0 0 0 0 0 0 0 0 0 0 0 0 0 0 0 0 0 0 0 0 0 0 0 0 0 0 0 0 0 0 0 0 0 0 0 0 0 0 0 0 0 0 0 0 0 0 0 0 0 0 0 0 0 0 0 0 0 0 0 0 0 0 0 0 0 0 0 0 0 0 0 0 0 0 0 0 0 0 0 0 0 0 0 0 0 0 0 0 0 0 0 0 0 0 0 0 0 0 0 0 0 0 0 0 0 0 0 0 0 0 0 0 0 0 0 0 0 0 0 0 0 0 0 0 0 0 0 0 0 0 0 0 0 0 0 0 0 0 0 0 0 0 0 0 0 0 0 0 0 0 0 0 0 0 0 0 0 0 0 0 0 0 0 0 0 0 0 0 0 0 0 0 0 0 0 0 0 0 0 0 0 0 0 0 0 0 0 0 0 0 0 0 0 0 0 0 0 0 0 0 0 0 0 0 0 0 0 0 0 0 0 0 0 0 0 0 0 0 0 0 0 0 0 0 0 0 0 0 0 0 0 0 0 0 0 0 0 0 0 0 0 0 0 0 0 0 0 0 0 0 0 0 0 0 0 0 0 0 0 0 0 0 0 0 0 0 0 0 0 0 0 0 0 0 0 0 0 0 0 0 0 0 0 0 0 0 0 0 0 0 0 0 0 0 0 0 0 0 0 0 0 0 0 0 0 0 0 0 0 0 0 0 0 0 0 0 0 0 0 0 0 0 0 0 0 0 0 0 0 0 0 0 0 0 0 0 0 0 0 0 0 0 0 0 0 0 0 0 0 0 0 0 0 0 0 0 0 0 0 0 0 0 0 0 0 0 0 0 0 0 0 0 0 0 0 0 0 0 0 0 0 0 0 0 0 0 0 0 0 0 0 0 0 0 0 0 0 0 0 0 0 0 0 0 0 0 0 0 0 0 0 0 0 0 0 0 0 0 0 0 0 0 0 0 0 0 0 0 0 0 0 0 0 0 0 0 0 0 0 0 0 0 0 0 0 0 0 0 0 0 0 0 0 0 0 0 0 0 0 0 0 0 0 0 0 0 0 0 0 0 0 0 0 0 0 0 0 0 0 0 0 0 0 0 0 0 0 0 0 0 0 0 0 0 0 0 0 0 0 0 0 0 0 0 0 0 0 0 0 0 0 0 0 0 0 0 0 0 0 0 0 0 0 0 0 0 0 0 0 0 0 0 0 0 0 0 0 0 0 0 0 0 0 0 0 0 0 0 0 0 0 0 0 0 0 0 0 0 0 0 0 0 0 0 0 0 0 0 0 0 0 0 0 0 0 0 0 0 0 0 0 0 0 0 0 0 0 0 0 0 0 0 0 0 0 0 0 0 0 0 0 0 0 0 0 0 0 0 0 0 0 0 0 0 0 0 0 0 0 0 0 0 0 0 0 0 0 0 0 0 0 0 0 0 0 0 0 0 0 0 0 0 0 0 0 0 0 0 0 0 0 0 0 0 0 0 0 0 0 0 0 0 0 0 0 0 0 0 0 0 0 0 0 0 0 0 0 0 0 0 0 0 0 0 0 0 0 0 0 0 0 0 0 0 0 0 0 0 0 0 0 0 0 0 0 0 0 0 0 0 0 0 0 0 0 0 0 0 0 0 0 0 0 0 0 0 0 0 0 0 0 0 0 0 0 0 0 0 0 0 0 0 0 0 0 0 0 0 0 0 0 0 0 0 0 0 0 0 0 0 0 0 0 0 0 0 0 0 0 0 0 0 0 0 0 0 0 0 0 0 0 0 0 0 0 0 0 0 0 0 0 0 0 0 0 0 0 0 0 0 0 0 0 0 0 0 0 0 0 0 0 0 0 0 0 0 0 0 0 0 0 0 0 0 0 0 0 0 0 0 0 0 0 0 0 0 0 0 0 0 0 0 0 0 0 0 0 0 0 0 0 0 0 0 0 0 0 0 0 0 0 0 0 0 0 0 0 0 0 0 0 0 0 0 0 0 0 0 0 0 0 0 0 0 0 0 0 0 0 0 0 0 0 0 0 0 0 0 0 0 0 0 0 0 0 0 0 0 0 0 0 0 0 0 0 0 0 0 0 0 0 0 0 0 0 0 0 0 0 0 0 0 0 0 0 0 0 0 0 0 0 0 0 0 0 0 0 0 0 0 0 0 0 0 0 0 0 0 0 0 0 0 0 0 0 0 0 0 0 0 0 0 0 0 0 0 0 0 0 0 0 0 0 0 0 0 0 0 0 0 0 0 0 0 0 0 0 0 0 0 0 0 0 0 0 0 0 0 0 0 0 0 0 0 0 0 0 0 0 0 0 0 0 0 0 0 0 0 0 0 0 0 0 0 0 0 0 0 0 0 0 0 0 0 0 0 0 0 0 </float_array>
          <technique_common>
            <accessor count="768" offset="0" source="#meshId1-tex2-array" stride="2">
              <param name="S" type="float" />
              <param name="T" type="float" />
            </accessor>
          </technique_common>
        </source>
        <source id="meshId1-tex3" name="meshId1-tex3">
          <float_array id="meshId1-tex3-array" count="1536"> 0.146418 0.392974 0.190427 0.393517 0.146846 0.395593 0.189811 0.396671 0.342405 0.391239 0.341367 0.348145 0.345655 0.391477 0.344288 0.347486 0.34247 0.39712 0.345764 0.396769 0.344848 0.660985 0.348171 0.661247 0.143524 0.395447 0.131794 0.659676 0.135069 0.659639 0.342495 0.394234 0.297611 0.395351 0.297791 0.39839 0.342495 0.394234 0.297791 0.39839 0.297957 0.401488 0.344729 0.666694 0.348025 0.666491 0.341838 0.718381 0.344766 0.719104 0.134411 0.662228 0.18712 0.662878 0.186643 0.659703 0.344887 0.663803 0.300697 0.66058 0.300859 0.657552 0.300421 0.663568 0.344887 0.663803 0.300697 0.66058 0.294292 0.395976 0.291509 0.353045 0.294617 0.353085 0.291484 0.401748 0.249326 0.401218 0.291816 0.398585 0.248798 0.398054 0.294705 0.401702 0.29432 0.657266 0.297561 0.657368 0.294705 0.401702 0.297561 0.657368 0.29467 0.66039 0.245546 0.659783 0.246107 0.656624 0.29704 0.663039 0.292191 0.711928 0.295311 0.712005 0.294044 0.350102 0.341572 0.345035 0.242853 0.400909 0.19624 0.397023 0.243426 0.397792 0.195798 0.393773 0.246106 0.401118 0.239659 0.656775 0.242903 0.656644 0.246106 0.401118 0.242903 0.656644 0.240192 0.659912 0.193048 0.659511 0.192477 0.662754 0.294626 0.714925 0.341977 0.721453 0.193051 0.396785 0.189868 0.659671 0.193051 0.396785 0.189868 0.659671 0.535891 0.667385 0.503302 0.66745 0.535404 0.664802 0.504046 0.664345 0.361203 0.669692 0.361619 0.70123 0.35796 0.66932 0.358743 0.7019 0.361187 0.663686 0.357884 0.663989 0.360396 0.387592 0.357036 0.387352 0.540795 0.388448 0.538772 0.664881 0.544156 0.388294 0.361141 0.666629 0.40748 0.665837 0.407446 0.662743 0.361141 0.666629 0.407446 0.662743 0.407381 0.659592 0.36038 0.381736 0.357078 0.382079 0.360576 0.346957 0.357715 0.346306 0.541411 0.385904 0.50565 0.387031 0.50631 0.390123 0.360341 0.384724 0.406493 0.388255 0.40643 0.391367 0.406529 0.385214 0.360341 0.384724 0.406493 0.388255 0.410752 0.665154 0.41151 0.696717 0.408431 0.696613 0.413849 0.659375 0.444291 0.660006 0.413379 0.662514 0.444945 0.663114 0.410628 0.659399 0.412943 0.391785 0.409725 0.391595 0.410628 0.659399 0.409725 0.391595 0.412507 0.388589 0.44723 0.390306 0.446533 0.393382 0.409903 0.385803 0.410524 0.351043 0.407472 0.351183 0.408862 0.699705 0.36144 0.704424 0.450854 0.660321 0.497547 0.664036 0.450383 0.663387 0.497881 0.667242 0.447553 0.660121 0.453047 0.393348 0.449784 0.393451 0.447553 0.660121 0.449784 0.393451 0.452626 0.390271 0.499858 0.390483 0.500261 0.387282 0.407895 0.348084 0.360362 0.343757 0.500772 0.66426 0.503046 0.39028 0.500772 0.66426 0.503046 0.39028 0.429236 0.334745 0.381067 0.334943 0.428714 0.33214 0.381637 0.331773 0.223263 0.33665 0.223943 0.383946 0.22 0.336399 0.220997 0.384558 0.223255 0.330822 0.219943 0.331131 0.223282 0.0623442 0.219942 0.0620562 0.432026 0.332227 0.434931 0.0631687 0.431618 0.0632695 0.223206 0.333685 0.269618 0.332955 0.269552 0.329925 0.223206 0.333685 0.269552 0.329925 0.269437 0.326821 0.22324 0.0565702 0.219954 0.0568126 0.223109 0.00813413 0.220163 0.00756556 0.432202 0.060692 0.382955 0.0608948 0.383471 0.0640658 0.223225 0.0595132 0.269487 0.063212 0.269366 0.0663089 0.26953 0.0602044 0.223225 0.0595132 0.269487 0.063212 0.272967 0.332403 0.273942 0.379533 0.270815 0.379469 0.275874 0.326622 0.322139 0.327534 0.275541 0.329823 0.322673 0.33068 0.272674 0.326642 0.275814 0.0666167 0.272619 0.0665107 0.272674 0.326642 0.272619 0.0665107 0.275529 0.0633757 0.323925 0.067396 0.324497 0.0642663 0.272932 0.060717 0.27318 0.0117425 0.270066 0.0118619 0.271274 0.38245 0.223693 0.387023 0.328635 0.327848 0.375213 0.331491 0.328056 0.330945 0.375705 0.334743 0.325366 0.327647 0.330408 0.0672492 0.327152 0.067383 0.325366 0.327647 0.327152 0.067383 0.329868 0.0641403 0.377064 0.0643259 0.377603 0.061075 0.270483 0.00886667 0.222802 0.00505412 0.378403 0.331705 0.38024 0.0641448 0.378403 0.331705 0.38024 0.0641448 0.425116 0.674898 0.456128 0.674564 0.425587 0.677487 0.455309 0.677691 0.598916 0.670977 0.600325 0.641405 0.602148 0.671426 0.603238 0.6409 0.598771 0.677009 0.60208 0.676737 0.602417 0.948681 0.605696 0.948976 0.422179 0.67741 0.415307 0.949566 0.418598 0.949494 0.598834 0.67406 0.552455 0.67411 0.552339 0.67723 0.598834 0.67406 0.552339 0.67723 0.552382 0.680425 0.605264 0.954265 0.598648 0.992946 0.601968 0.954502 0.595823 0.992075 0.418009 0.952093 0.457248 0.95161 0.456546 0.948588 0.602396 0.951577 0.556229 0.9473 0.556376 0.944278 0.602396 0.951577 0.556229 0.9473 0.55581 0.950305 0.54917 0.674716 0.550304 0.64295 0.553355 0.64324 0.545938 0.680632 0.515271 0.68038 0.546372 0.677406 0.514586 0.677283 0.549153 0.68059 0.549792 0.943934 0.553055 0.944046 0.549153 0.68059 0.553055 0.944046 0.550298 0.946918 0.51546 0.946725 0.516066 0.943569 0.549535 0.984024 0.552511 0.949569 0.546466 0.983879 0.553119 0.640109 0.600696 0.638231 0.508691 0.680207 0.461845 0.677869 0.509135 0.677132 0.461584 0.67467 0.511997 0.680321 0.509628 0.943836 0.512864 0.94362 0.511997 0.680321 0.512864 0.94362 0.510113 0.946958 0.463088 0.94819 0.46268 0.951333 0.548659 0.986969 0.595569 0.995242 0.4586 0.677731 0.459849 0.948465 0.4586 0.677731 0.459849 0.948465 0.447789 0.0397536 0.44733 0.0373684 0.480009 0.0405168 0.482211 0.0379406 0.629367 0.0367403 0.626304 0.0364432 0.625576 0.00803895 0.622939 0.00869897 0.626585 0.0420313 0.629709 0.0417196 0.626016 0.350803 0.629139 0.351096 0.444141 0.0396751 0.443416 0.34895 0.447041 0.349007 0.626597 0.0392751 0.581102 0.0440254 0.580993 0.041255 0.626597 0.0392751 0.581102 0.0440254 0.580754 0.0467908 0.628834 0.356067 0.62551 0.38486 0.625763 0.356393 0.62285 0.38424 0.47929 0.34954 0.446572 0.351412 0.481481 0.352512 0.626023 0.353564 0.580472 0.349347 0.580122 0.346444 0.626023 0.353564 0.580472 0.349347 0.580397 0.352236 0.578522 0.0421221 0.574916 0.0138203 0.572095 0.013754 0.576113 0.0445265 0.574246 0.04708 0.542005 0.0437838 0.543361 0.0469048 0.577497 0.0470118 0.573597 0.346089 0.57686 0.346212 0.577497 0.0470118 0.57686 0.346212 0.575456 0.348999 0.541378 0.348275 0.542755 0.345357 0.574767 0.379874 0.577918 0.351553 0.571963 0.379998 0.574033 0.0110693 0.62277 0.0056833 0.536959 0.0465306 0.48691 0.0409751 0.536622 0.0434556 0.487864 0.0382553 0.540179 0.0468068 0.536344 0.34552 0.539564 0.345364 0.540179 0.0468068 0.539564 0.345364 0.535983 0.348416 0.486176 0.349361 0.487121 0.35241 0.573933 0.382662 0.622743 0.387245 0.483514 0.0406502 0.482778 0.349534 0.483514 0.0406502 0.482778 0.349534 0.00765154 0.0392893 0.00716782 0.0369007 0.0398727 0.0397158 0.0420555 0.0370698 0.209947 0.0359345 0.206895 0.0355231 0.207219 0.00693959 0.204605 0.00756368 0.210166 0.0409392 0.206234 0.350089 0.207043 0.0412028 0.203112 0.349898 0.004004 0.0392448 0.00635027 0.348314 0.00993784 0.348295 0.20709 0.0384054 0.151308 0.043279 0.151269 0.0404492 0.20709 0.0384054 0.151308 0.043279 0.150955 0.0461 0.206053 0.355062 0.204353 0.384242 0.202972 0.355539 0.201656 0.383723 0.0423239 0.348463 0.00948185 0.350753 0.0444891 0.351451 0.203109 0.352692 0.150572 0.350089 0.150201 0.347141 0.203109 0.352692 0.150572 0.350089 0.150616 0.353052 0.148887 0.0412847 0.146268 0.0127053 0.143502 0.0125555 0.146367 0.0437245 0.144448 0.0463327 0.112092 0.042962 0.113511 0.0461005 0.147701 0.0462811 0.143644 0.346914 0.146932 0.347007 0.147701 0.0462811 0.146932 0.347007 0.145541 0.34988 0.111337 0.349137 0.112792 0.346207 0.146575 0.381073 0.148185 0.3525 0.143837 0.381343 0.145517 0.00987512 0.204521 0.00452003 0.10708 0.045769 0.046752 0.0400831 0.106688 0.0426719 0.0476832 0.0373079 0.110309 0.0460087 0.106335 0.346251 0.109565 0.346189 0.110309 0.0460087 0.109565 0.346189 0.105904 0.349172 0.0491514 0.348375 0.0500844 0.351413 0.14593 0.383963 0.201726 0.386719 0.0433639 0.0398085 0.0457687 0.348458 0.0433639 0.0398085 0.0457687 0.348458 0.838917 0.352314 0.839365 0.354757 0.806752 0.351629 0.804533 0.354197 0.639123 0.35537 0.642197 0.355769 0.643659 0.384029 0.646305 0.383409 0.641804 0.350092 0.638716 0.350361 0.642391 0.041782 0.639301 0.0415269 0.842533 0.352402 0.843275 0.0436676 0.839675 0.04362 0.641831 0.352913 0.697571 0.348034 0.697636 0.350869 0.641831 0.352913 0.697571 0.348034 0.69789 0.345209 0.639681 0.036524 0.643849 0.00778025 0.642762 0.0361046 0.646514 0.00836867 0.807473 0.0430229 0.840136 0.0411603 0.805283 0.0400735 0.642423 0.0389578 0.698221 0.0433286 0.698539 0.0462757 0.642423 0.0389578 0.698221 0.0433286 0.698259 0.0403885 0.700065 0.350036 0.702691 0.378631 0.705467 0.378785 0.702563 0.347589 0.704392 0.34497 0.736599 0.3483 0.735208 0.345164 0.701144 0.345026 0.705052 0.0465844 0.701793 0.0464753 0.701144 0.345026 0.701793 0.0464753 0.703233 0.043625 0.737244 0.04432 0.735845 0.0472606 0.702954 0.0124448 0.700691 0.0410388 0.705714 0.0122431 0.703451 0.381458 0.646551 0.386451 0.741616 0.345499 0.799792 0.351207 0.741981 0.348593 0.798852 0.353914 0.738397 0.345254 0.742264 0.0471258 0.739046 0.0472581 0.738397 0.345254 0.739046 0.0472581 0.742637 0.0442037 0.800531 0.043172 0.799614 0.0401505 0.703672 0.00958622 0.64671 0.00533545 0.803222 0.351507 0.803958 0.0430186 0.803222 0.351507 0.803958 0.0430186 0.720334 0.359283 0.719889 0.356818 0.7525 0.359965 0.754701 0.357395 0.923119 0.355918 0.920039 0.355462 0.918928 0.327156 0.916255 0.327729 0.920397 0.36115 0.923485 0.36093 0.918858 0.669011 0.921982 0.669265 0.71674 0.359182 0.715713 0.667422 0.719323 0.667467 0.920377 0.358319 0.863024 0.362247 0.863011 0.359388 0.920377 0.358319 0.863024 0.362247 0.86269 0.365082 0.921762 0.67426 0.91945 0.703386 0.918692 0.67469 0.916808 0.702796 0.751543 0.667982 0.718844 0.669891 0.753678 0.670994 0.918867 0.671816 0.862968 0.667531 0.862634 0.66458 0.918867 0.671816 0.862968 0.667531 0.862942 0.670476 0.860595 0.360166 0.85856 0.331519 0.855809 0.331306 0.858024 0.362641 0.856172 0.365273 0.823946 0.36199 0.825354 0.365126 0.859433 0.365224 0.856124 0.664285 0.859381 0.664386 0.859433 0.365224 0.859381 0.664386 0.857972 0.667249 0.823891 0.666616 0.825319 0.663672 0.858311 0.698461 0.860525 0.669833 0.855555 0.698664 0.85787 0.328657 0.91606 0.324696 0.818928 0.364861 0.759444 0.360318 0.818546 0.361759 0.760368 0.357624 0.822149 0.365054 0.818886 0.663812 0.822113 0.66368 0.822149 0.365054 0.822113 0.66368 0.818487 0.666737 0.758392 0.66784 0.759283 0.67092 0.857602 0.701329 0.916783 0.70583 0.756012 0.36007 0.755013 0.667984 0.756012 0.36007 0.755013 0.667984 0.345742 0.394259 0.143636 0.392939 0.345742 0.394259 0.131682 0.662194 0.348194 0.663767 0.348194 0.663767 0.294463 0.398618 0.294463 0.398618 0.294463 0.398618 0.2973 0.660422 0.2973 0.660422 0.2973 0.660422 0.246138 0.398021 0.291337 0.35039 0.246138 0.398021 0.291931 0.714553 0.242907 0.659751 0.242907 0.659751 0.193161 0.393551 0.344203 0.344754 0.193161 0.393551 0.344598 0.721814 0.189835 0.662911 0.189835 0.662911 0.357892 0.666489 0.538723 0.66738 0.357892 0.666489 0.544204 0.385816 0.357028 0.384873 0.357028 0.384873 0.410687 0.662463 0.410687 0.662463 0.410687 0.662463 0.409855 0.388457 0.409855 0.388457 0.409855 0.388457 0.447664 0.663166 0.411576 0.699435 0.447664 0.663166 0.410572 0.348327 0.449943 0.39044 0.449943 0.39044 0.500516 0.667456 0.358809 0.704685 0.500516 0.667456 0.357764 0.34352 0.502865 0.387118 0.502865 0.387118 0.219943 0.333637 0.431999 0.334733 0.219943 0.333637 0.434958 0.0606806 0.219942 0.0595679 0.219942 0.0595679 0.272913 0.329775 0.272913 0.329775 0.272913 0.329775 0.272918 0.0633283 0.272918 0.0633283 0.272918 0.0633283 0.325328 0.330728 0.273997 0.382188 0.325328 0.330728 0.273193 0.00908339 0.327155 0.0643145 0.327155 0.0643145 0.378348 0.334954 0.221053 0.387277 0.378348 0.334954 0.220174 0.00484395 0.380234 0.0609061 0.380234 0.0609061 0.602048 0.674255 0.422241 0.674929 0.602048 0.674255 0.415242 0.952127 0.60573 0.951538 0.60573 0.951538 0.549074 0.677416 0.549074 0.677416 0.549074 0.677416 0.552975 0.946933 0.552975 0.946933 0.552975 0.946933 0.511851 0.677272 0.550401 0.640217 0.511851 0.677272 0.546004 0.986501 0.512797 0.94671 0.512797 0.94671 0.458945 0.674534 0.603337 0.638126 0.458945 0.674534 0.598176 0.995702 0.460044 0.951576 0.460044 0.951576 0.629713 0.0393598 0.444146 0.0373161 0.629713 0.0393598 0.443411 0.351312 0.629135 0.35346 0.629135 0.35346 0.579081 0.0445911 0.579081 0.0445911 0.579081 0.0445911 0.57844 0.349062 0.57844 0.349062 0.57844 0.349062 0.539107 0.0437207 0.571549 0.0113438 0.539107 0.0437207 0.571453 0.382429 0.538465 0.348213 0.538465 0.348213 0.485404 0.0379929 0.625229 0.00541161 0.485404 0.0379929 0.625208 0.387477 0.484653 0.352612 0.484653 0.352612 0.210196 0.0385789 0.00398608 0.0368852 0.210196 0.0385789 0.00636832 0.350691 0.206204 0.352467 0.206204 0.352467 0.149357 0.043791 0.149357 0.043791 0.149357 0.043791 0.14857 0.349946 0.14857 0.349946 0.14857 0.349946 0.109162 0.0428969 0.143042 0.0100997 0.109162 0.0428969 0.14346 0.383841 0.108375 0.349073 0.108375 0.349073 0.0452342 0.0370852 0.20697 0.00429773 0.0452342 0.0370852 0.204202 0.386841 0.0476078 0.351513 0.0476078 0.351513 0.638711 0.352768 0.842528 0.354808 0.638711 0.352768 0.843281 0.0412585 0.639305 0.039117 0.639305 0.039117 0.699593 0.347527 0.699593 0.347527 0.699593 0.347527 0.700251 0.0435641 0.700251 0.0435641 0.700251 0.0435641 0.739506 0.348361 0.705928 0.381241 0.739506 0.348361 0.706145 0.00977069 0.740164 0.0443797 0.740164 0.0443797 0.801326 0.354146 0.644076 0.386668 0.801326 0.354146 0.644231 0.00515044 0.802094 0.0399741 0.802094 0.0399741 0.923497 0.358513 0.716748 0.356766 0.923497 0.358513 0.715705 0.669792 0.921971 0.671635 0.921971 0.671635 0.861015 0.362699 0.861015 0.362699 0.861015 0.362699 0.860961 0.667305 0.860961 0.667305 0.860961 0.667305 0.821018 0.361934 0.855398 0.328826 0.821018 0.361934 0.855128 0.701141 0.820962 0.666562 0.820962 0.666562 0.757883 0.357448 0.918545 0.324527 0.757883 0.357448 0.919241 0.706017 0.756824 0.671093 0.756824 0.671093 </float_array>
          <technique_common>
            <accessor count="768" offset="0" source="#meshId1-tex3-array" stride="2">
              <param name="S" type="float" />
              <param name="T" type="float" />
            </accessor>
          </technique_common>
        </source>
        <vertices id="meshId1-vertices">
          <input semantic="POSITION" source="#meshId1-positions" />
        </vertices>
        <polylist count="864" material="defaultMaterial">
          <input offset="0" semantic="VERTEX" source="#meshId1-vertices" />
          <input offset="0" semantic="NORMAL" source="#meshId1-normals" />
          <input offset="0" semantic="TANGENT" source="#meshId1-tangents" />
          <input offset="0" semantic="BINORMAL" source="#meshId1-bitangents" />
          <input offset="0" semantic="TEXCOORD" source="#meshId1-tex0" set="0" />
          <input offset="0" semantic="TEXCOORD" source="#meshId1-tex1" set="1" />
          <input offset="0" semantic="TEXCOORD" source="#meshId1-tex2" set="2" />
          <input offset="0" semantic="TEXCOORD" source="#meshId1-tex3" set="3" />
          <vcount>3 3 3 3 3 3 3 3 3 3 3 3 3 3 3 3 3 3 3 3 3 3 3 3 3 3 3 3 3 3 3 3 3 3 3 3 3 3 3 3 3 3 3 3 3 3 3 3 3 3 3 3 3 3 3 3 3 3 3 3 3 3 3 3 3 3 3 3 3 3 3 3 3 3 3 3 3 3 3 3 3 3 3 3 3 3 3 3 3 3 3 3 3 3 3 3 3 3 3 3 3 3 3 3 3 3 3 3 3 3 3 3 3 3 3 3 3 3 3 3 3 3 3 3 3 3 3 3 3 3 3 3 3 3 3 3 3 3 3 3 3 3 3 3 3 3 3 3 3 3 3 3 3 3 3 3 3 3 3 3 3 3 3 3 3 3 3 3 3 3 3 3 3 3 3 3 3 3 3 3 3 3 3 3 3 3 3 3 3 3 3 3 3 3 3 3 3 3 3 3 3 3 3 3 3 3 3 3 3 3 3 3 3 3 3 3 3 3 3 3 3 3 3 3 3 3 3 3 3 3 3 3 3 3 3 3 3 3 3 3 3 3 3 3 3 3 3 3 3 3 3 3 3 3 3 3 3 3 3 3 3 3 3 3 3 3 3 3 3 3 3 3 3 3 3 3 3 3 3 3 3 3 3 3 3 3 3 3 3 3 3 3 3 3 3 3 3 3 3 3 3 3 3 3 3 3 3 3 3 3 3 3 3 3 3 3 3 3 3 3 3 3 3 3 3 3 3 3 3 3 3 3 3 3 3 3 3 3 3 3 3 3 3 3 3 3 3 3 3 3 3 3 3 3 3 3 3 3 3 3 3 3 3 3 3 3 3 3 3 3 3 3 3 3 3 3 3 3 3 3 3 3 3 3 3 3 3 3 3 3 3 3 3 3 3 3 3 3 3 3 3 3 3 3 3 3 3 3 3 3 3 3 3 3 3 3 3 3 3 3 3 3 3 3 3 3 3 3 3 3 3 3 3 3 3 3 3 3 3 3 3 3 3 3 3 3 3 3 3 3 3 3 3 3 3 3 3 3 3 3 3 3 3 3 3 3 3 3 3 3 3 3 3 3 3 3 3 3 3 3 3 3 3 3 3 3 3 3 3 3 3 3 3 3 3 3 3 3 3 3 3 3 3 3 3 3 3 3 3 3 3 3 3 3 3 3 3 3 3 3 3 3 3 3 3 3 3 3 3 3 3 3 3 3 3 3 3 3 3 3 3 3 3 3 3 3 3 3 3 3 3 3 3 3 3 3 3 3 3 3 3 3 3 3 3 3 3 3 3 3 3 3 3 3 3 3 3 3 3 3 3 3 3 3 3 3 3 3 3 3 3 3 3 3 3 3 3 3 3 3 3 3 3 3 3 3 3 3 3 3 3 3 3 3 3 3 3 3 3 3 3 3 3 3 3 3 3 3 3 3 3 3 3 3 3 3 3 3 3 3 3 3 3 3 3 3 3 3 3 3 3 3 3 3 3 3 3 3 3 3 3 3 3 3 3 3 3 3 3 3 3 3 3 3 3 3 3 3 3 3 3 3 3 3 3 3 3 3 3 3 3 3 3 3 3 3 3 3 3 3 3 3 3 3 3 3 3 3 3 3 3 3 3 3 3 3 3 3 3 3 3 3 3 3 3 3 3 3 3 3 3 3 3 3 3 3 3 3 3 3 3 3 3 3 3 3 3 3 3 3 3 3 3 3 3 3 3 3 3 3 3 3 3 3 3 3 3 3 3 3 3 3 3 3 3 3 3 3 3 3 3 3 3 3 3 3 3 3 3 3 3 3 3 3 3 3 3 3 3 3 3 3 3 3 3 3 3 3 3 3 3 3 3 3 3 3 3 3 3 3 3 3 3 3 3 3 3 3 3 3 3 3 3 3 3 3 3 3 3 3 3 3 3 3 3 3 3 3 3 3 3 3 3 3 3 3 3 3 3 3 3 3 3 3 </vcount>
          <p>0 1 2 2 1 3 4 5 6 6 5 7 8 9 10 10 9 11 12 2 13 13 2 14 4 15 16 16 15 17 18 8 19 19 8 20 21 22 23 23 22 24 25 14 26 26 14 27 28 29 10 10 29 30 21 31 32 32 31 33 34 35 16 16 35 36 37 38 39 39 38 40 37 41 42 42 41 43 44 20 45 45 20 30 46 47 42 42 47 48 49 31 50 50 31 51 36 52 5 5 52 53 54 55 56 56 55 57 54 58 59 59 58 60 61 38 62 62 38 48 59 63 64 64 63 65 51 23 66 66 23 67 3 68 27 27 68 69 70 55 71 71 55 64 72 73 74 74 73 75 76 77 78 78 77 79 80 81 82 82 81 83 74 84 85 85 84 86 76 87 88 88 87 89 90 80 91 91 80 92 93 94 95 95 94 96 97 84 98 98 84 99 100 101 82 82 101 102 93 103 104 104 103 105 106 107 88 88 107 108 109 110 111 111 110 112 109 113 114 114 113 115 116 92 117 117 92 102 118 119 114 114 119 120 121 103 122 122 103 123 108 124 77 77 124 125 126 127 128 128 127 129 126 130 131 131 130 132 133 110 134 134 110 120 131 135 136 136 135 137 123 95 138 138 95 139 75 140 99 99 140 141 142 127 143 143 127 136 144 145 146 146 145 147 148 149 150 150 149 151 152 153 154 154 153 155 156 146 157 157 146 158 148 159 160 160 159 161 162 152 163 163 152 164 165 166 167 167 166 168 169 158 170 170 158 171 172 173 154 154 173 174 165 175 176 176 175 177 178 179 160 160 179 180 181 182 183 183 182 184 181 185 186 186 185 187 188 164 189 189 164 174 186 190 191 191 190 192 193 175 194 194 175 195 180 196 149 149 196 197 198 199 200 200 199 201 198 202 203 203 202 204 205 182 206 206 182 191 203 207 208 208 207 209 195 167 210 210 167 211 147 212 171 171 212 213 214 199 215 215 199 208 216 217 218 218 217 219 220 221 222 222 221 223 224 225 226 226 225 227 228 218 229 229 218 230 220 231 232 232 231 233 234 224 235 235 224 236 237 238 239 239 238 240 241 230 242 242 230 243 244 245 226 226 245 246 247 239 248 248 239 249 250 251 232 232 251 252 253 254 255 255 254 256 253 257 258 258 257 259 260 236 261 261 236 246 262 263 258 258 263 264 249 265 266 266 265 267 252 268 221 221 268 269 270 271 272 272 271 273 270 274 275 275 274 276 277 254 278 278 254 264 275 279 280 280 279 281 282 265 283 283 265 240 219 284 243 243 284 285 286 271 287 287 271 280 288 289 290 290 289 291 292 293 294 294 293 295 296 297 298 298 297 299 300 288 301 301 288 302 303 304 293 293 304 305 306 296 307 307 296 308 309 310 311 311 310 312 302 313 314 314 313 315 316 317 298 298 317 318 319 311 320 320 311 321 305 322 323 323 322 324 325 326 327 327 326 328 326 329 330 330 329 331 332 308 333 333 308 318 334 335 330 330 335 336 321 337 338 338 337 339 340 341 323 323 341 295 342 343 344 344 343 345 342 346 347 347 346 348 349 328 350 350 328 336 347 351 352 352 351 353 354 337 355 355 337 312 290 356 313 313 356 357 358 343 359 359 343 352 360 361 362 362 361 363 364 365 366 366 365 367 368 369 370 370 369 371 372 360 373 373 360 374 375 376 365 365 376 377 378 370 379 379 370 380 381 382 383 383 382 384 374 385 386 386 385 387 388 389 371 371 389 390 391 383 392 392 383 393 377 394 395 395 394 396 397 398 399 399 398 400 398 401 402 402 401 403 404 380 405 405 380 390 406 407 402 402 407 408 393 409 410 410 409 411 412 413 395 395 413 367 414 415 416 416 415 417 414 418 419 419 418 420 421 400 422 422 400 408 419 423 424 424 423 425 426 409 427 427 409 384 362 428 385 385 428 429 430 415 431 431 415 424 432 433 434 434 433 435 436 437 438 438 437 439 440 441 442 442 441 443 444 432 445 445 432 446 447 448 437 437 448 449 450 440 451 451 440 452 453 454 455 455 454 456 446 457 458 458 457 459 460 461 442 442 461 462 463 455 464 464 455 465 449 466 467 467 466 468 469 470 471 471 470 472 470 473 474 474 473 475 476 452 477 477 452 462 478 479 474 474 479 480 465 481 482 482 481 483 484 485 467 467 485 439 486 487 488 488 487 489 486 490 491 491 490 492 493 472 494 494 472 480 491 495 496 496 495 497 498 481 499 499 481 456 434 500 457 457 500 501 502 487 503 503 487 496 504 505 506 506 505 507 508 509 510 510 509 511 512 513 514 514 513 515 516 504 517 517 504 518 519 520 509 509 520 521 522 512 523 523 512 524 525 526 527 527 526 528 518 529 530 530 529 531 532 533 514 514 533 534 535 527 536 536 527 537 521 538 539 539 538 540 541 542 543 543 542 544 542 545 546 546 545 547 548 524 549 549 524 534 550 551 546 546 551 552 537 553 554 554 553 555 556 557 539 539 557 511 558 559 560 560 559 561 558 562 563 563 562 564 565 544 566 566 544 552 563 567 568 568 567 569 570 553 571 571 553 528 506 572 529 529 572 573 574 559 575 575 559 568 10 30 8 8 30 20 42 48 37 37 48 38 54 59 55 55 59 64 3 27 2 2 27 14 23 51 21 21 51 31 5 4 36 36 4 16 80 82 92 92 82 102 114 120 109 109 120 110 126 131 127 127 131 136 75 99 74 74 99 84 95 123 93 93 123 103 77 76 108 108 76 88 152 154 164 164 154 174 186 191 181 181 191 182 198 203 199 199 203 208 147 171 146 146 171 158 167 195 165 165 195 175 149 148 180 180 148 160 226 246 224 224 246 236 258 264 253 253 264 254 270 275 271 271 275 280 219 243 218 218 243 230 239 240 249 249 240 265 221 220 252 252 220 232 296 298 308 308 298 318 326 330 328 328 330 336 347 352 342 342 352 343 290 313 288 288 313 302 311 312 321 321 312 337 293 305 295 295 305 323 370 371 380 380 371 390 398 402 400 400 402 408 419 424 414 414 424 415 362 385 360 360 385 374 383 384 393 393 384 409 365 377 367 367 377 395 440 442 452 452 442 462 470 474 472 472 474 480 491 496 486 486 496 487 434 457 432 432 457 446 455 456 465 465 456 481 437 449 439 439 449 467 512 514 524 524 514 534 542 546 544 544 546 552 558 563 559 559 563 568 506 529 504 504 529 518 527 528 537 537 528 553 509 521 511 511 521 539 15 4 576 576 4 6 0 2 577 577 2 12 9 8 578 578 8 18 13 14 579 579 14 25 22 21 580 580 21 32 28 10 581 581 10 11 41 37 582 582 37 39 34 16 583 583 16 17 19 20 584 584 20 44 33 31 585 585 31 49 46 42 586 586 42 43 45 30 587 587 30 29 58 54 588 588 54 56 52 36 589 589 36 35 40 38 590 590 38 61 50 51 591 591 51 66 63 59 592 592 59 60 62 48 593 593 48 47 68 3 594 594 3 1 7 5 595 595 5 53 57 55 596 596 55 70 67 23 597 597 23 24 26 27 598 598 27 69 71 64 599 599 64 65 87 76 600 600 76 78 72 74 601 601 74 85 81 80 602 602 80 90 86 84 603 603 84 97 94 93 604 604 93 104 100 82 605 605 82 83 113 109 606 606 109 111 106 88 607 607 88 89 91 92 608 608 92 116 105 103 609 609 103 121 118 114 610 610 114 115 117 102 611 611 102 101 130 126 612 612 126 128 124 108 613 613 108 107 112 110 614 614 110 133 122 123 615 615 123 138 135 131 616 616 131 132 134 120 617 617 120 119 140 75 618 618 75 73 79 77 619 619 77 125 129 127 620 620 127 142 139 95 621 621 95 96 98 99 622 622 99 141 143 136 623 623 136 137 159 148 624 624 148 150 144 146 625 625 146 156 153 152 626 626 152 162 157 158 627 627 158 169 166 165 628 628 165 176 172 154 629 629 154 155 185 181 630 630 181 183 178 160 631 631 160 161 163 164 632 632 164 188 177 175 633 633 175 193 190 186 634 634 186 187 189 174 635 635 174 173 202 198 636 636 198 200 196 180 637 637 180 179 184 182 638 638 182 205 194 195 639 639 195 210 207 203 640 640 203 204 206 191 641 641 191 192 212 147 642 642 147 145 151 149 643 643 149 197 201 199 644 644 199 214 211 167 645 645 167 168 170 171 646 646 171 213 215 208 647 647 208 209 231 220 648 648 220 222 216 218 649 649 218 228 225 224 650 650 224 234 229 230 651 651 230 241 237 239 652 652 239 247 244 226 653 653 226 227 257 253 654 654 253 255 250 232 655 655 232 233 235 236 656 656 236 260 248 249 657 657 249 266 262 258 658 658 258 259 261 246 659 659 246 245 274 270 660 660 270 272 268 252 661 661 252 251 256 254 662 662 254 277 267 265 663 663 265 282 279 275 664 664 275 276 278 264 665 665 264 263 284 219 666 666 219 217 223 221 667 667 221 269 273 271 668 668 271 286 283 240 669 669 240 238 242 243 670 670 243 285 287 280 671 671 280 281 303 293 672 672 293 292 289 288 673 673 288 300 297 296 674 674 296 306 301 302 675 675 302 314 309 311 676 676 311 319 316 298 677 677 298 299 329 326 678 678 326 325 322 305 679 679 305 304 307 308 680 680 308 332 320 321 681 681 321 338 334 330 682 682 330 331 333 318 683 683 318 317 346 342 684 684 342 344 323 324 340 340 324 685 327 328 686 686 328 349 337 354 339 339 354 687 351 347 688 688 347 348 350 336 689 689 336 335 356 290 690 690 290 291 294 295 691 691 295 341 345 343 692 692 343 358 355 312 693 693 312 310 315 313 694 694 313 357 359 352 695 695 352 353 375 365 696 696 365 364 361 360 697 697 360 372 368 370 698 698 370 378 373 374 699 699 374 386 381 383 700 700 383 391 388 371 701 701 371 369 401 398 702 702 398 397 394 377 703 703 377 376 379 380 704 704 380 404 392 393 705 705 393 410 406 402 706 706 402 403 405 390 707 707 390 389 418 414 708 708 414 416 412 395 709 709 395 396 399 400 710 710 400 421 411 409 711 711 409 426 423 419 712 712 419 420 422 408 713 713 408 407 428 362 714 714 362 363 366 367 715 715 367 413 417 415 716 716 415 430 427 384 717 717 384 382 387 385 718 718 385 429 431 424 719 719 424 425 447 437 720 720 437 436 433 432 721 721 432 444 441 440 722 722 440 450 445 446 723 723 446 458 453 455 724 724 455 463 460 442 725 725 442 443 473 470 726 726 470 469 466 449 727 727 449 448 451 452 728 728 452 476 464 465 729 729 465 482 478 474 730 730 474 475 477 462 731 731 462 461 490 486 732 732 486 488 484 467 733 733 467 468 471 472 734 734 472 493 483 481 735 735 481 498 495 491 736 736 491 492 494 480 737 737 480 479 500 434 738 738 434 435 438 439 739 739 439 485 489 487 740 740 487 502 499 456 741 741 456 454 459 457 742 742 457 501 503 496 743 743 496 497 519 509 744 744 509 508 505 504 745 745 504 516 513 512 746 746 512 522 517 518 747 747 518 530 525 527 748 748 527 535 532 514 749 749 514 515 545 542 750 750 542 541 538 521 751 751 521 520 523 524 752 752 524 548 536 537 753 753 537 554 550 546 754 754 546 547 549 534 755 755 534 533 562 558 756 756 558 560 556 539 757 757 539 540 543 544 758 758 544 565 555 553 759 759 553 570 567 563 760 760 563 564 566 552 761 761 552 551 572 506 762 762 506 507 510 511 763 763 511 557 561 559 764 764 559 574 571 528 765 765 528 526 531 529 766 766 529 573 575 568 767 767 568 569 </p>
        </polylist>
      </mesh>
    </geometry>
    <geometry id="meshId2" name="meshId2_name" >
      <mesh>
        <source id="meshId2-positions" name="meshId2-positions">
          <float_array id="meshId2-positions-array" count="762"> 0.72168 0.857942 -0.153397 0.718539 0.850232 -0.15273 0.674016 0.857942 -0.300091 0.671083 0.850232 -0.298785 0.718539 0.850232 -0.15273 0.710957 0.847039 -0.151118 0.671083 0.850232 -0.298785 0.664002 0.847039 -0.295632 0.726839 0.847039 2.22131e-07 0.734591 0.850232 2.40851e-07 0.718539 0.850232 -0.15273 0.72168 0.857942 -0.153397 0.734591 0.850232 2.40851e-07 0.737802 0.857942 2.48605e-07 0.596895 0.857942 -0.433669 0.594297 0.850232 -0.431782 0.594297 0.850232 -0.431782 0.588026 0.847039 -0.427225 0.493687 0.857942 -0.548294 0.491538 0.850232 -0.545908 0.491538 0.850232 -0.545908 0.486351 0.847039 -0.540147 0.368902 0.857942 -0.638955 0.367296 0.850232 -0.636175 0.367296 0.850232 -0.636175 0.36342 0.847039 -0.629462 0.227994 0.857942 -0.701692 0.227002 0.850232 -0.698638 0.227002 0.850232 -0.698638 0.224606 0.847039 -0.691266 0.0771217 0.857942 -0.733761 0.076786 0.850232 -0.730567 0.076786 0.850232 -0.730567 0.0759758 0.847039 -0.722858 -0.077121 0.857942 -0.733761 -0.0767854 0.850232 -0.730567 -0.0767854 0.850232 -0.730567 -0.0759751 0.847039 -0.722858 -0.227993 0.857942 -0.701692 -0.227001 0.850232 -0.698638 -0.227001 0.850232 -0.698638 -0.224606 0.847039 -0.691266 -0.368901 0.857942 -0.638955 -0.367296 0.850232 -0.636175 -0.367296 0.850232 -0.636175 -0.36342 0.847039 -0.629462 -0.368901 0.857942 -0.638955 -0.367296 0.850232 -0.636175 -0.493686 0.857942 -0.548294 -0.491537 0.850232 -0.545908 -0.491537 0.850232 -0.545908 -0.48635 0.847039 -0.540147 -0.596894 0.857942 -0.433669 -0.594297 0.850232 -0.431782 -0.594297 0.850232 -0.431782 -0.588025 0.847039 -0.427226 -0.674016 0.857942 -0.300091 -0.671082 0.850232 -0.298785 -0.671082 0.850232 -0.298785 -0.664001 0.847039 -0.295632 -0.721679 0.857942 -0.153398 -0.718539 0.850232 -0.15273 -0.718539 0.850232 -0.15273 -0.710956 0.847039 -0.151118 -0.737802 0.857942 1.82641e-07 -0.734591 0.850232 1.81989e-07 -0.734591 0.850232 1.81989e-07 -0.726839 0.847039 1.80415e-07 -0.721679 0.857942 0.153398 -0.718539 0.850232 0.15273 -0.718539 0.850232 0.15273 -0.710956 0.847039 0.151119 -0.674016 0.857942 0.300091 -0.671082 0.850232 0.298785 -0.671082 0.850232 0.298785 -0.664001 0.847039 0.295632 -0.596894 0.857942 0.433669 -0.594297 0.850232 0.431782 -0.594297 0.850232 0.431782 -0.588025 0.847039 0.427226 -0.493686 0.857942 0.548294 -0.491537 0.850232 0.545908 -0.491537 0.850232 0.545908 -0.48635 0.847039 0.540147 -0.368901 0.857942 0.638956 -0.367296 0.850232 0.636175 -0.367296 0.850232 0.636175 -0.36342 0.847039 0.629462 -0.227993 0.857942 0.701692 -0.227001 0.850232 0.698638 -0.227001 0.850232 0.698638 -0.224606 0.847039 0.691266 -0.227993 0.857942 0.701692 -0.227001 0.850232 0.698638 -0.0771212 0.857942 0.733761 -0.0767856 0.850232 0.730567 -0.0767856 0.850232 0.730567 -0.0759753 0.847039 0.722858 0.0771215 0.857942 0.733761 0.0767858 0.850232 0.730567 0.0767858 0.850232 0.730567 0.0759756 0.847039 0.722858 0.227994 0.857942 0.701692 0.227001 0.850232 0.698638 0.227001 0.850232 0.698638 0.224606 0.847039 0.691266 0.368901 0.857942 0.638956 0.367296 0.850232 0.636175 0.367296 0.850232 0.636175 0.36342 0.847039 0.629462 0.493686 0.857942 0.548294 0.491538 0.850232 0.545908 0.491538 0.850232 0.545908 0.486351 0.847039 0.540147 0.596895 0.857942 0.433669 0.594297 0.850232 0.431782 0.594297 0.850232 0.431782 0.588026 0.847039 0.427226 0.674016 0.857942 0.300091 0.671083 0.850232 0.298785 0.671083 0.850232 0.298785 0.664001 0.847039 0.295632 0.721679 0.857942 0.153398 0.718539 0.850232 0.15273 0.718539 0.850232 0.15273 0.710956 0.847039 0.151119 0.72168 0.989097 -0.153397 0.718539 0.996807 -0.15273 0.737802 0.989097 2.48605e-07 0.734591 0.996807 2.40851e-07 0.718539 0.996807 -0.15273 0.710957 1 -0.151118 0.734591 0.996807 2.40851e-07 0.726839 1 2.22131e-07 0.664002 1 -0.295632 0.671083 0.996807 -0.298785 0.718539 0.996807 -0.15273 0.72168 0.989097 -0.153397 0.671083 0.996807 -0.298785 0.674016 0.989097 -0.300091 0.588026 1 -0.427225 0.594297 0.996807 -0.431782 0.594297 0.996807 -0.431782 0.596895 0.989097 -0.433669 0.486351 1 -0.540147 0.491538 0.996807 -0.545908 0.491538 0.996807 -0.545908 0.493687 0.989097 -0.548294 0.36342 1 -0.629462 0.367296 0.996807 -0.636175 0.367296 0.996807 -0.636175 0.368902 0.989097 -0.638955 0.224606 1 -0.691266 0.227002 0.996807 -0.698638 0.227002 0.996807 -0.698638 0.227994 0.989097 -0.701692 0.0759758 1 -0.722858 0.076786 0.996807 -0.730567 0.076786 0.996807 -0.730567 0.0771217 0.989097 -0.733761 -0.0759751 1 -0.722858 -0.0767854 0.996807 -0.730567 -0.0767854 0.996807 -0.730567 -0.077121 0.989097 -0.733761 -0.224606 1 -0.691266 -0.227001 0.996807 -0.698638 -0.227001 0.996807 -0.698638 -0.227993 0.989097 -0.701692 -0.36342 1 -0.629462 -0.367296 0.996807 -0.636175 -0.367296 0.996807 -0.636175 -0.368901 0.989097 -0.638955 -0.48635 1 -0.540147 -0.491537 0.996807 -0.545908 -0.367296 0.996807 -0.636175 -0.368901 0.989097 -0.638955 -0.491537 0.996807 -0.545908 -0.493686 0.989097 -0.548294 -0.588025 1 -0.427226 -0.594297 0.996807 -0.431782 -0.594297 0.996807 -0.431782 -0.596894 0.989097 -0.433669 -0.664001 1 -0.295632 -0.671082 0.996807 -0.298785 -0.671082 0.996807 -0.298785 -0.674016 0.989097 -0.300091 -0.710956 1 -0.151118 -0.718539 0.996807 -0.15273 -0.718539 0.996807 -0.15273 -0.721679 0.989097 -0.153398 -0.726839 1 1.80415e-07 -0.734591 0.996807 1.81989e-07 -0.734591 0.996807 1.81989e-07 -0.737802 0.989097 1.82641e-07 -0.710956 1 0.151119 -0.718539 0.996807 0.15273 -0.718539 0.996807 0.15273 -0.721679 0.989097 0.153398 -0.664001 1 0.295632 -0.671082 0.996807 0.298785 -0.671082 0.996807 0.298785 -0.674016 0.989097 0.300091 -0.588025 1 0.427226 -0.594297 0.996807 0.431782 -0.594297 0.996807 0.431782 -0.596894 0.989097 0.433669 -0.48635 1 0.540147 -0.491537 0.996807 0.545908 -0.491537 0.996807 0.545908 -0.493686 0.989097 0.548294 -0.36342 1 0.629462 -0.367296 0.996807 0.636175 -0.367296 0.996807 0.636175 -0.368901 0.989097 0.638956 -0.224606 1 0.691266 -0.227001 0.996807 0.698638 -0.227001 0.996807 0.698638 -0.227993 0.989097 0.701692 -0.0759753 1 0.722858 -0.0767856 0.996807 0.730567 -0.227001 0.996807 0.698638 -0.227993 0.989097 0.701692 -0.0767856 0.996807 0.730567 -0.0771212 0.989097 0.733761 0.0759756 1 0.722858 0.0767858 0.996807 0.730567 0.0767858 0.996807 0.730567 0.0771215 0.989097 0.733761 0.224606 1 0.691266 0.227001 0.996807 0.698638 0.227001 0.996807 0.698638 0.227994 0.989097 0.701692 0.36342 1 0.629462 0.367296 0.996807 0.636175 0.367296 0.996807 0.636175 0.368901 0.989097 0.638956 0.486351 1 0.540147 0.491538 0.996807 0.545908 0.491538 0.996807 0.545908 0.493686 0.989097 0.548294 0.588026 1 0.427226 0.594297 0.996807 0.431782 0.594297 0.996807 0.431782 0.596895 0.989097 0.433669 0.664001 1 0.295632 0.671083 0.996807 0.298785 0.671083 0.996807 0.298785 0.674016 0.989097 0.300091 0.710956 1 0.151119 0.718539 0.996807 0.15273 0.718539 0.996807 0.15273 0.721679 0.989097 0.153398 1.86454e-07 0.847039 2.48605e-07 1.86454e-07 1 2.48605e-07 </float_array>
          <technique_common>
            <accessor count="254" offset="0" source="#meshId2-positions-array" stride="3">
              <param name="X" type="float" />
              <param name="Y" type="float" />
              <param name="Z" type="float" />
            </accessor>
          </technique_common>
        </source>
        <source id="meshId2-normals" name="meshId2-normals">
          <float_array id="meshId2-normals-array" count="762"> 0.977898 -0.0225115 -0.207868 0.902922 -0.384472 -0.192129 0.913309 -0.0225123 -0.406645 0.843242 -0.384486 -0.375652 0.372526 -0.924619 -0.0793944 0.00485357 -0.999988 -0.00103326 0.347883 -0.924618 -0.155111 0.00453243 -0.999988 -0.0020209 0.00496255 -0.999988 -1.48708e-06 0.380894 -0.924619 -0.000202723 0.902922 -0.384472 -0.192129 0.977898 -0.0225115 -0.207868 0.923128 -0.384493 -0.000201811 0.999747 -0.0225129 -9.5526e-06 0.808805 -0.0225122 -0.587646 0.746708 -0.384485 -0.54277 0.308032 -0.924616 -0.224058 0.00401323 -0.999988 -0.00291976 0.668952 -0.0225118 -0.742964 0.617548 -0.384477 -0.686157 0.254717 -0.924618 -0.283198 0.00331862 -0.999988 -0.00369028 0.499863 -0.022512 -0.865812 0.461388 -0.38448 -0.79956 0.190272 -0.924622 -0.329956 0.00247897 -0.999988 -0.00429889 0.308927 -0.0225122 -0.950819 0.285063 -0.384476 -0.878019 0.117511 -0.924625 -0.362298 0.00153097 -0.999988 -0.00472005 0.10449 -0.0225118 -0.994271 0.096288 -0.384473 -0.918101 0.0396107 -0.924611 -0.378848 0.000516067 -0.999988 -0.00493582 -0.104514 -0.0225122 -0.994269 -0.0966967 -0.384481 -0.918054 -0.040018 -0.924631 -0.378756 -0.000521388 -0.999988 -0.00493438 -0.30895 -0.0225123 -0.950812 -0.285455 -0.384479 -0.877891 -0.117897 -0.924606 -0.36222 -0.00153606 -0.999988 -0.00471901 -0.499884 -0.0225124 -0.8658 -0.46174 -0.384483 -0.799355 -0.190626 -0.92462 -0.329757 -0.00248359 -0.999988 -0.00429625 -0.499884 -0.0225124 -0.8658 -0.46174 -0.384483 -0.799355 -0.66897 -0.022512 -0.742949 -0.617846 -0.384479 -0.685888 -0.255022 -0.924616 -0.28293 -0.00332259 -0.999988 -0.00368617 -0.808819 -0.0225126 -0.587626 -0.746952 -0.384489 -0.542431 -0.308275 -0.924617 -0.223717 -0.00401638 -0.999988 -0.00291469 -0.913319 -0.0225121 -0.406622 -0.843411 -0.384482 -0.375274 -0.348048 -0.924617 -0.154748 -0.00453463 -0.999988 -0.00201615 -0.977902 -0.0225123 -0.207847 -0.903001 -0.384485 -0.191731 -0.372616 -0.924618 -0.0789912 -0.00485467 -0.999988 -0.00102913 -0.999747 -0.0225121 1.21131e-05 -0.923132 -0.384482 0.000203282 -0.380897 -0.924617 0.000203649 -0.00496257 -0.999988 2.66505e-06 -0.977897 -0.022512 0.207871 -0.902918 -0.38448 0.192132 -0.372529 -0.924618 0.0793965 -0.00485356 -0.999988 0.00103445 -0.913309 -0.0225127 0.406644 -0.843239 -0.384491 0.375651 -0.347882 -0.924618 0.155111 -0.00453243 -0.999988 0.0020209 -0.808805 -0.0225118 0.587647 -0.74671 -0.384477 0.542771 -0.308034 -0.924615 0.224059 -0.00401323 -0.999988 0.00291918 -0.668952 -0.0225122 0.742965 -0.617547 -0.384483 0.686155 -0.254718 -0.924617 0.2832 -0.00331861 -0.999988 0.0036897 -0.499863 -0.0225121 0.865812 -0.461388 -0.384482 0.799559 -0.190272 -0.924622 0.329957 -0.00247896 -0.999988 0.00429889 -0.308927 -0.0225122 0.950819 -0.285063 -0.384475 0.878019 -0.117509 -0.924613 0.362331 -0.00153097 -0.999988 0.0047207 -0.308927 -0.0225122 0.950819 -0.285063 -0.384475 0.878019 -0.10449 -0.0225118 0.994271 -0.0962903 -0.384482 0.918097 -0.0396108 -0.924614 0.378839 -0.000516065 -0.999988 0.0049359 0.104514 -0.0225122 0.994269 0.0966968 -0.384482 0.918054 0.040018 -0.924621 0.378779 0.000521393 -0.999988 0.0049354 0.308951 -0.0225124 0.950812 0.285461 -0.384489 0.877884 0.117899 -0.924622 0.36218 0.00153606 -0.999988 0.00471836 0.499884 -0.0225121 0.8658 0.461746 -0.384483 0.799352 0.190625 -0.924616 0.329768 0.00248359 -0.999988 0.00429583 0.66897 -0.0225118 0.742948 0.617846 -0.384476 0.685889 0.255021 -0.924616 0.282929 0.0033226 -0.999988 0.00368618 0.808819 -0.0225128 0.587626 0.746951 -0.384492 0.542431 0.308275 -0.924618 0.223717 0.00401638 -0.999988 0.00291586 0.913319 -0.0225124 0.406622 0.84341 -0.384487 0.375273 0.348048 -0.924617 0.154747 0.00453461 -0.999988 0.00201614 0.977902 -0.0225123 0.207847 0.903001 -0.384485 0.191731 0.372618 -0.924617 0.0789917 0.00485467 -0.999988 0.00102797 0.977903 0.0225118 -0.207845 0.903005 0.384477 -0.191728 0.999747 0.0225126 1.43819e-05 0.92313 0.384488 0.000206863 0.372614 0.924619 -0.0789905 0.00485469 0.999988 -0.0010303 0.380897 0.924618 0.000204626 0.00496255 0.999988 3.84349e-06 0.0045346 0.999988 -0.00201727 0.348047 0.924618 -0.154743 0.903005 0.384477 -0.191728 0.977903 0.0225118 -0.207845 0.843403 0.384483 -0.375292 0.913319 0.0225123 -0.406623 0.00401637 0.999988 -0.00291451 0.308272 0.924622 -0.223702 0.746945 0.384486 -0.542442 0.808819 0.0225125 -0.587627 0.00332259 0.999988 -0.00368622 0.255021 0.924615 -0.282933 0.617849 0.384482 -0.685884 0.66897 0.0225121 -0.742948 0.0024836 0.999988 -0.00429669 0.190624 0.924611 -0.329784 0.461734 0.384469 -0.799366 0.499883 0.0225119 -0.8658 0.00153607 0.999988 -0.00471846 0.1179 0.924635 -0.362146 0.28546 0.384488 -0.877885 0.308951 0.0225124 -0.950812 0.000521394 0.999988 -0.00493539 0.0400177 0.924614 -0.378798 0.0966977 0.384484 -0.918053 0.104514 0.0225119 -0.994269 -0.000516064 0.999988 -0.00493561 -0.0396112 0.924622 -0.37882 -0.0962871 0.384471 -0.918102 -0.10449 0.0225121 -0.994271 -0.00153096 0.999988 -0.004721 -0.117508 0.924604 -0.362354 -0.285063 0.384476 -0.878019 -0.308927 0.022512 -0.950819 -0.00247897 0.999988 -0.00429869 -0.190271 0.92462 -0.329961 -0.461391 0.384484 -0.799556 -0.499863 0.0225122 -0.865812 -0.00331862 0.999988 -0.00368891 -0.254719 0.924622 -0.283184 -0.461391 0.384484 -0.799556 -0.499863 0.0225122 -0.865812 -0.617543 0.384483 -0.686158 -0.668952 0.0225122 -0.742965 -0.00401322 0.999988 -0.00291984 -0.308033 0.924614 -0.224065 -0.746703 0.384485 -0.542775 -0.808805 0.0225125 -0.587646 -0.00453245 0.999988 -0.00202203 -0.347886 0.924617 -0.155109 -0.843244 0.384482 -0.375651 -0.913309 0.0225121 -0.406644 -0.00485356 0.999988 -0.0010344 -0.372528 0.924618 -0.0793933 -0.902919 0.38448 -0.192128 -0.977897 0.022512 -0.207871 -0.00496256 0.999988 -2.6866e-06 -0.380897 0.924617 -0.000205098 -0.923133 0.384482 -0.000207052 -0.999747 0.0225122 -1.19048e-05 -0.00485468 0.999988 0.00102911 -0.372616 0.924618 0.0789897 -0.903001 0.384486 0.19173 -0.977902 0.0225124 0.207848 -0.0045346 0.999988 0.0020171 -0.348049 0.924619 0.154733 -0.843405 0.384479 0.375293 -0.913319 0.022512 0.406623 -0.00401637 0.999988 0.00291584 -0.308274 0.924618 0.223716 -0.74695 0.384489 0.542434 -0.808819 0.0225126 0.587627 -0.00332259 0.999988 0.0036868 -0.255021 0.924615 0.282933 -0.61785 0.384479 0.685885 -0.66897 0.022512 0.742948 -0.0024836 0.999988 0.00429728 -0.190624 0.924611 0.329785 -0.461746 0.384486 0.79935 -0.499884 0.0225123 0.8658 -0.00153607 0.999988 0.0047188 -0.1179 0.924627 0.362167 -0.285451 0.384472 0.877895 -0.308949 0.0225114 0.950812 -0.000521397 0.999988 0.00493523 -0.0400183 0.924623 0.378776 -0.285451 0.384472 0.877895 -0.308949 0.0225114 0.950812 -0.0966951 0.384475 0.918057 -0.104513 0.0225118 0.994269 0.00051607 0.999988 0.00493594 0.0396112 0.924614 0.37884 0.096294 0.384496 0.91809 0.10449 0.0225122 0.994271 0.00153097 0.999988 0.00472082 0.11751 0.92462 0.362311 0.285076 0.384492 0.878008 0.308928 0.0225129 0.950819 0.00247896 0.999988 0.0042994 0.190271 0.924616 0.329973 0.461383 0.384478 0.799564 0.499863 0.0225123 0.865812 0.00331862 0.999988 0.00369025 0.254719 0.924618 0.283196 0.617545 0.384477 0.68616 0.668952 0.0225118 0.742965 0.00401323 0.999988 0.00291985 0.308032 0.924614 0.224065 0.746711 0.38448 0.542769 0.808805 0.0225119 0.587646 0.00453243 0.999988 0.00202077 0.347881 0.92462 0.1551 0.84324 0.384492 0.375649 0.913309 0.0225128 0.406644 0.00485356 0.999988 0.00103557 0.372533 0.924617 0.0793943 0.902917 0.384485 0.192127 0.977897 0.0225124 0.207871 0 -1 5.90017e-08 0 1 1.57338e-07 </float_array>
          <technique_common>
            <accessor count="254" offset="0" source="#meshId2-normals-array" stride="3">
              <param name="X" type="float" />
              <param name="Y" type="float" />
              <param name="Z" type="float" />
            </accessor>
          </technique_common>
        </source>
        <source id="meshId2-tangents" name="meshId2-tangents">
          <float_array id="meshId2-tangents-array" count="762"> -0.0220242 -0.999747 0.00465827 -0.367449 -0.922401 0.118981 -0.0263735 -0.999645 -0.00389258 -0.340279 -0.922805 0.180666 -0.9033 -0.341657 -0.259461 -0.962724 -0.00439324 -0.270451 -0.915276 -0.299103 -0.269827 -0.961979 -0.00380824 -0.273095 -0.96444 -0.00478576 -0.264258 -0.896411 -0.36922 -0.245203 -0.376058 -0.923137 0.0799943 -0.0264519 -0.999519 -0.0161962 -0.384351 -0.9228 0.0267257 -0.0225108 -0.999646 -0.0142114 -0.0266088 -0.999645 0.0016727 -0.29527 -0.922806 0.247478 -0.930263 -0.243384 -0.274544 -0.962305 -0.00306795 -0.271955 -0.0256547 -0.999645 0.00719005 -0.237339 -0.922808 0.303473 -0.945654 -0.176953 -0.272812 -0.963595 -0.00221122 -0.267356 -0.0236107 -0.999645 0.0123605 -0.169071 -0.922807 0.346182 -0.958779 -0.102763 -0.264919 -0.965566 -0.00127524 -0.260156 -0.0205064 -0.999645 0.0170056 -0.0933592 -0.922808 0.373778 -0.967367 -0.0241114 -0.252229 -0.967848 -0.000294478 -0.251537 -0.0165087 -0.999645 0.0208986 -0.0136133 -0.922809 0.385017 -0.969933 0.0555354 -0.236951 -0.970064 0.000698049 -0.242849 -0.0118035 -0.999645 0.0238747 0.066761 -0.922805 0.379439 -0.966038 0.132647 -0.221754 -0.97188 0.00166865 -0.235469 -0.00653175 -0.999646 0.0257909 0.144264 -0.922804 0.35724 -0.95637 0.203913 -0.209226 -0.973046 0.00258288 -0.230597 -0.00716198 -0.999521 0.0301245 0.192395 -0.923132 0.332883 -0.942618 0.266203 -0.20151 -0.973379 0.0034021 -0.229175 0.011141 -0.999747 0.0195628 0.226651 -0.9224 0.312744 0.00436509 -0.999643 0.0263596 0.276943 -0.922809 0.267818 -0.927123 0.316918 -0.200016 -0.972794 0.00408611 -0.231636 0.00978507 -0.999644 0.0248291 0.326618 -0.922803 0.20434 -0.91257 0.353849 -0.204955 -0.971341 0.004594 -0.237645 0.0147477 -0.999644 0.0222189 0.361968 -0.922806 0.131942 -0.901475 0.375396 -0.215453 -0.969211 0.00489139 -0.246183 0.0190541 -0.999645 0.0186251 0.381506 -0.922803 0.0537382 -0.895757 0.380608 -0.229689 -0.966756 0.00495646 -0.255652 0.02251 -0.999646 0.0141999 0.384339 -0.922803 -0.0267868 -0.896402 0.36922 -0.245234 -0.96444 0.00478546 -0.264259 0.0249665 -0.999646 0.0091914 0.370369 -0.922804 -0.10611 -0.903309 0.341667 -0.259415 -0.962735 0.00439303 -0.270411 0.0263281 -0.999646 0.00378943 0.34022 -0.922799 -0.180808 -0.915284 0.299111 -0.269793 -0.961979 0.00380826 -0.273098 0.0265321 -0.999646 -0.00177746 0.295159 -0.922804 -0.247616 -0.930259 0.243381 -0.274561 -0.962301 0.00306805 -0.27197 0.0255627 -0.999647 -0.00727352 0.237202 -0.922801 -0.303601 -0.945651 0.176949 -0.272826 -0.963593 0.00221133 -0.267363 0.0234712 -0.999647 -0.0124413 0.1689 -0.922801 -0.34628 -0.958781 0.102765 -0.264914 -0.965567 0.00127526 -0.260151 0.027153 -0.999521 -0.0148432 0.118639 -0.923135 -0.365713 -0.967372 0.0241079 -0.252212 -0.96785 0.000294376 -0.251526 0.00700187 -0.999747 -0.0213957 0.0806664 -0.922399 -0.377719 0.0165688 -0.999644 -0.0208923 0.0136476 -0.922806 -0.385023 -0.969936 -0.0555284 -0.23694 -0.970067 -0.000698013 -0.242837 0.0118398 -0.999645 -0.0238785 -0.0667145 -0.922806 -0.379445 -0.966044 -0.132644 -0.221729 -0.971883 -0.00166885 -0.23546 0.00660906 -0.999645 -0.0258161 -0.14413 -0.922804 -0.357295 -0.956371 -0.203904 -0.209231 -0.973043 -0.00258278 -0.230609 0.00111554 -0.999645 -0.0266364 -0.215246 -0.922807 -0.319526 -0.942609 -0.266214 -0.201538 -0.973373 -0.00340213 -0.229203 -0.00446366 -0.999645 -0.0262706 -0.277008 -0.922808 -0.267754 -0.92711 -0.316927 -0.200061 -0.97279 -0.00408616 -0.231653 -0.00984306 -0.999645 -0.0247496 -0.326647 -0.922801 -0.204303 -0.912571 -0.353848 -0.204955 -0.971345 -0.00459425 -0.23763 -0.0147811 -0.999646 -0.0221448 -0.361985 -0.922803 -0.131914 -0.901481 -0.375395 -0.215433 -0.969214 -0.00489136 -0.246169 -0.0190632 -0.999646 -0.0185825 -0.381499 -0.922804 -0.0537742 -0.895761 -0.38061 -0.229668 -0.966761 -0.00495617 -0.255635 0.0220287 -0.999747 -0.00463874 0.3841 -0.922396 -0.0406631 0.0225105 -0.999646 -0.0141908 0.384345 -0.922801 0.0267678 0.173051 0.0143944 0.984808 0.173044 0.000174688 0.984914 0.157543 -0.0651182 0.985363 0.164287 -0.000819081 0.986412 0.181895 0.00115881 0.983317 0.186764 0.0933685 0.977958 0.376071 -0.923135 -0.0799585 0.0175621 -0.999517 -0.0256295 0.361951 -0.922806 -0.131984 0.0147542 -0.999645 -0.0222048 0.189467 0.00210077 0.981885 0.196288 0.16827 0.966 0.326602 -0.922805 -0.204357 0.00982119 -0.999645 -0.0247793 0.19452 0.00296951 0.980894 0.199996 0.235842 0.950989 0.27699 -0.922807 -0.267777 0.00446154 -0.999645 -0.026273 0.19613 0.00372615 0.980571 0.197261 0.293013 0.935538 0.215242 -0.922812 -0.319513 -0.00111266 -0.999645 -0.0266344 0.193915 0.00433102 0.981009 0.188561 0.337209 0.922353 0.144114 -0.922804 -0.357301 -0.00660905 -0.999645 -0.0258162 0.188043 0.00474928 0.982149 0.175307 0.366725 0.913663 0.0666848 -0.922806 -0.379451 -0.011838 -0.999645 -0.023878 0.179445 0.00494808 0.983756 0.159906 0.380097 0.911019 -0.0136898 -0.922812 -0.385007 -0.0165383 -0.999645 -0.0208958 0.169846 0.00491244 0.985458 0.145058 0.376949 0.914805 -0.09342 -0.922809 -0.373759 -0.0204739 -0.999646 -0.017016 0.160927 0.00464159 0.986955 0.133164 0.357303 0.924447 -0.15743 -0.922395 -0.352707 -0.0111987 -0.999747 -0.0195293 0.154481 0.00415732 0.987987 0.126462 0.322179 0.938194 -0.192471 -0.923132 -0.33284 -0.029987 -0.999513 -0.00867611 -0.237562 -0.922813 -0.303284 -0.0258136 -0.999642 -0.00704748 0.151525 0.00349426 0.988447 0.12589 0.27306 0.953724 -0.295398 -0.92281 -0.247308 -0.0266773 -0.999643 -0.00157873 0.152483 0.00268954 0.988302 0.131757 0.212018 0.968343 -0.340335 -0.922811 -0.180534 -0.0264082 -0.999643 0.00397105 0.157034 0.00178377 0.987592 0.142927 0.141694 0.979538 -0.370428 -0.922811 -0.105846 -0.024999 -0.999644 0.00934477 0.164282 0.000817924 0.986413 0.157534 0.0651148 0.985364 -0.384341 -0.922809 -0.0265497 -0.02251 -0.999645 0.0142872 0.173034 -0.000173569 0.984916 0.173042 -0.0143969 0.984809 -0.381478 -0.922806 0.053879 -0.0190552 -0.999645 0.0186207 0.181893 -0.00115866 0.983318 0.18676 -0.0933581 0.977959 -0.361952 -0.922808 0.131973 -0.0147756 -0.999645 0.022156 0.189474 -0.00210205 0.981884 0.196313 -0.168275 0.965994 -0.326618 -0.922804 0.20434 -0.00984606 -0.999645 0.0247451 0.19454 -0.00297001 0.98089 0.200034 -0.23583 0.950984 -0.27699 -0.922808 0.267774 -0.00450337 -0.999646 0.0262352 0.196156 -0.00372664 0.980566 0.197288 -0.293007 0.935534 -0.215326 -0.922803 0.319483 0.00101146 -0.999646 0.0265765 0.193921 -0.00433136 0.981008 0.188548 -0.337232 0.922347 -0.15684 -0.922397 0.352965 -0.00703702 -0.999747 0.0213834 0.188032 -0.00474914 0.982151 0.175308 -0.366703 0.913672 -0.118638 -0.923137 0.36571 0.0135134 -0.999515 0.0280554 -0.0665363 -0.922813 0.379459 0.0119226 -0.999644 0.0238868 0.179463 -0.00494843 0.983752 0.159918 -0.380117 0.911009 0.0137692 -0.922803 0.385026 0.0166057 -0.999644 0.0208887 0.169831 -0.00491224 0.985461 0.145031 -0.376905 0.914827 0.0935179 -0.922805 0.373745 0.020578 -0.999644 0.016983 0.160926 -0.00464231 0.986955 0.133136 -0.35731 0.924448 0.169131 -0.92281 0.346145 0.0236319 -0.999644 0.0123486 0.154429 -0.0041585 0.987995 0.12638 -0.322174 0.938207 0.237394 -0.922809 0.303425 0.0256832 -0.999644 0.00716445 0.151507 -0.00349421 0.98845 0.125929 -0.27307 0.953716 0.295306 -0.922809 0.247422 0.0266046 -0.999645 0.00167793 0.152509 -0.0026884 0.988298 0.131786 -0.212018 0.968339 0.340286 -0.922803 0.180666 0.0263527 -0.999645 -0.00384474 0.157037 -0.00178493 0.987591 0.142919 -0.141693 0.979539 0.370391 -0.922804 0.106033 0.0249702 -0.999646 -0.00920722 -0.968142 -1.47741e-08 -0.250401 0.172988 -1.54966e-07 0.984924 </float_array>
          <technique_common>
            <accessor count="254" offset="0" source="#meshId2-tangents-array" stride="3">
              <param name="X" type="float" />
              <param name="Y" type="float" />
              <param name="Z" type="float" />
            </accessor>
          </technique_common>
        </source>
        <source id="meshId2-bitangents" name="meshId2-bitangents">
          <float_array id="meshId2-bitangents-array" count="762"> -0.207921 2.28211e-05 -0.978146 -0.222965 -0.0368328 -0.97413 -0.406412 0.0142798 -0.913578 -0.416117 -0.0245188 -0.90898 0.212777 0.168373 -0.962485 0.270443 0.0023074 -0.962733 0.203093 0.235837 -0.950334 0.273084 0.00318185 -0.961985 0.264255 0.00131283 -0.964452 0.226644 0.093578 -0.969472 -0.208117 2.30148e-05 -0.978104 -0.207404 0.0213368 -0.978023 -0.0104621 -0.0245937 -0.999643 0.00031039 0.014208 -0.999899 -0.587475 0.0142836 -0.809116 -0.596023 -0.0245303 -0.802593 0.199316 0.293001 -0.935106 0.271942 0.00390112 -0.962306 -0.742863 0.0142508 -0.669292 -0.74987 -0.024558 -0.66113 0.202134 0.337297 -0.919442 0.267344 0.00444319 -0.963591 -0.865783 0.0142638 -0.500217 -0.870939 -0.0245419 -0.490777 0.211042 0.366762 -0.906061 0.260147 0.00479578 -0.965557 -0.950865 0.0142444 -0.309279 -0.953951 -0.024579 -0.298953 0.224482 0.380114 -0.897285 0.251532 0.00495339 -0.967836 -0.994389 0.0142305 -0.104825 -0.99526 -0.0245741 -0.0940893 0.240127 0.376843 -0.894611 0.242849 0.00491339 -0.970052 -0.994453 0.0142311 0.104211 -0.993072 -0.0245997 0.114901 0.255282 0.357019 -0.898537 0.235475 0.00467285 -0.971869 -0.951056 0.0141786 0.308694 -0.947472 -0.024672 0.318885 0.267313 0.321749 -0.908307 0.230606 0.00423761 -0.973038 -0.866063 0.0212596 0.499483 -0.865899 -8.62181e-05 0.50022 0.274102 0.272422 -0.922309 0.229187 0.0036127 -0.973376 -0.866021 0.000133207 0.500008 -0.85757 -0.0367683 0.513052 -0.743277 0.0143907 0.668829 -0.735914 -0.024482 0.676633 0.274603 0.211302 -0.938053 0.231649 0.00281625 -0.972796 -0.587976 0.0143323 0.808752 -0.579124 -0.0245357 0.81487 0.268667 0.140975 -0.952861 0.237655 0.00187669 -0.971348 -0.406978 0.0142962 0.913326 -0.397034 -0.0245561 0.917475 0.257303 0.064513 -0.964175 0.24619 0.000837732 -0.969221 -0.208193 0.0142532 0.977984 -0.197591 -0.0246209 0.979975 0.242439 -0.0148286 -0.970053 0.255654 -0.000246187 -0.966768 -0.000307561 0.0141966 0.999899 0.0104866 -0.0246496 0.999641 0.226672 -0.0935914 -0.969464 0.264255 -0.00131397 -0.964452 0.20759 0.0141781 0.978113 0.218097 -0.0246491 0.975616 0.212733 -0.168359 -0.962497 0.270403 -0.00230835 -0.962744 0.406415 0.0141671 0.913579 0.41617 -0.0246605 0.908952 0.203061 -0.235827 -0.950343 0.273087 -0.00318186 -0.961984 0.587479 0.0141539 0.809116 0.596075 -0.0246939 0.802549 0.199331 -0.293007 -0.935101 0.271958 -0.00390061 -0.962301 0.742866 0.0141265 0.669291 0.749914 -0.0247305 0.661073 0.202147 -0.337302 -0.919437 0.267352 -0.00444265 -0.963589 0.865786 0.0141027 0.500215 0.870973 -0.0247238 0.490709 0.211037 -0.366762 -0.906062 0.260142 -0.00479577 -0.965558 0.950698 0.0212321 0.30939 0.951138 -8.36253e-05 0.308766 0.224464 -0.380145 -0.897277 0.251522 -0.00495401 -0.967839 0.95106 4.77941e-05 0.309006 0.955108 -0.0368473 0.293956 0.994388 0.0142909 0.104826 0.99526 -0.0245442 0.0941046 0.240115 -0.376835 -0.894617 0.242837 -0.00491348 -0.970055 0.994453 0.0142676 -0.10421 0.993075 -0.0245564 -0.114883 0.255258 -0.357045 -0.898534 0.235466 -0.00467386 -0.971871 0.951055 0.0142599 -0.308692 0.947491 -0.0245356 -0.318841 0.26731 -0.32171 -0.908322 0.230619 -0.00423694 -0.973035 0.866092 0.0142809 -0.499681 0.8605 -0.0245174 -0.508861 0.274134 -0.272424 -0.922299 0.229214 -0.0036122 -0.973369 0.743276 0.014258 -0.668833 0.735889 -0.0245655 -0.676656 0.274648 -0.211287 -0.938044 0.231665 -0.00281619 -0.972792 0.587975 0.0142339 -0.808754 0.579108 -0.0245791 -0.81488 0.268667 -0.140975 -0.952861 0.237641 -0.00187789 -0.971351 0.406976 0.0142149 -0.913328 0.397022 -0.0245856 -0.91748 0.257284 -0.0645208 -0.964179 0.246176 -0.000837797 -0.969225 0.208192 0.0142096 -0.977985 0.197605 -0.024587 -0.979973 0.24242 0.0148208 -0.970058 0.255637 0.000247223 -0.966773 -0.207897 -4.2323e-05 -0.978151 -0.192483 -0.0369235 -0.980605 -0.000305094 0.0141875 -0.999899 0.0104828 -0.0246307 -0.999642 0.911709 -0.380622 -0.154643 0.984902 -0.00495974 -0.173041 0.911097 -0.375289 -0.170471 0.9864 -0.00489449 -0.164289 0.983307 -0.00482588 -0.181888 0.918685 -0.369275 -0.140188 -0.207733 9.97558e-05 -0.978186 -0.208322 0.0214129 -0.977826 -0.397067 -0.0245217 -0.917462 -0.406979 0.0142807 -0.913326 0.981879 -0.00449582 -0.189456 0.930827 -0.341701 -0.129619 -0.579141 -0.0245191 -0.814859 -0.587976 0.0142707 -0.808753 0.980893 -0.00397615 -0.194508 0.946026 -0.299108 -0.124774 -0.735894 -0.0245371 -0.676653 -0.743276 0.0142611 -0.668833 0.980575 -0.00327806 -0.196118 0.96164 -0.243389 -0.126535 -0.860507 -0.0245274 -0.508847 -0.866092 0.0142774 -0.499681 0.981017 -0.00242188 -0.193906 0.974959 -0.177033 -0.134593 -0.947494 -0.0245207 -0.318834 -0.951055 0.0142599 -0.308692 0.982161 -0.00144015 -0.188038 0.9837 -0.102968 -0.147415 -0.993077 -0.0245282 -0.114872 -0.994453 0.0142657 -0.10421 0.983768 -0.000377989 -0.179446 0.986337 -0.0244891 -0.162909 -0.99526 -0.0245026 0.0941182 -0.994389 0.0142602 0.104825 0.985469 0.000706853 -0.169852 0.982421 0.0549346 -0.178415 -0.953945 -0.0245203 0.298977 -0.950865 0.0142103 0.309278 0.986963 0.00175486 -0.160937 0.972658 0.131957 -0.191111 -0.873117 -0.0368622 0.486114 -0.866032 -6.60047e-05 0.499988 0.98799 0.00270888 -0.154493 0.95871 0.203163 -0.198995 -0.866068 0.000322178 0.499927 -0.865585 0.0216262 0.500294 -0.749803 -0.0242864 0.661215 -0.742857 0.0144642 0.669294 0.988445 0.00352443 -0.151537 0.94301 0.265571 -0.200511 -0.595965 -0.0243306 0.802642 -0.587472 0.0143999 0.809117 0.988296 0.00417111 -0.152493 0.928232 0.316437 -0.195583 -0.416067 -0.0243872 0.909007 -0.40641 0.0143655 0.913578 0.987581 0.0046309 -0.15704 0.916949 0.353558 -0.184938 -0.217993 -0.024401 0.975645 -0.207586 0.0143348 0.978112 0.986401 0.0048947 -0.164284 0.911099 0.37529 -0.170461 -0.010399 -0.0244293 0.999647 0.000309736 0.0142839 0.999898 0.984904 0.00495952 -0.173031 0.911709 0.380624 -0.154633 0.197646 -0.0244883 0.979968 0.208193 0.0142486 0.977984 0.983308 0.00482585 -0.181885 0.918685 0.369276 -0.140189 0.397064 -0.0245314 0.917463 0.406978 0.0142274 0.913327 0.981878 0.00449609 -0.189463 0.930821 0.341709 -0.129639 0.579126 -0.0245369 0.814869 0.587976 0.0142285 0.808754 0.980889 0.00397632 -0.194527 0.946018 0.299117 -0.124813 0.735893 -0.0245387 0.676653 0.743276 0.0142048 0.668834 0.98057 0.00327827 -0.196145 0.961634 0.243398 -0.12656 0.86048 -0.0246008 0.50889 0.866092 0.0141609 0.499684 0.981016 0.00242197 -0.193912 0.974961 0.17703 -0.134577 0.945473 -0.0369344 0.3236 0.951052 -8.44882e-05 0.30903 0.982163 0.00144007 -0.188027 0.9837 0.102966 -0.147419 0.951022 0.000240758 0.309123 0.950983 0.0215164 0.308495 0.993088 -0.0243923 0.114813 0.994452 0.0143508 0.104208 0.983765 0.000378136 -0.179464 0.986335 0.0244971 -0.162919 0.995258 -0.0244343 -0.0941546 0.994387 0.0143279 -0.104827 0.985472 -0.000706967 -0.169837 0.982424 -0.0549551 -0.178388 0.953932 -0.0244363 -0.299026 0.950863 0.0143194 -0.309281 0.986963 -0.00175474 -0.160936 0.972662 -0.131964 -0.191086 0.870931 -0.0244742 -0.490796 0.865782 0.0142882 -0.500217 0.987998 -0.0027089 -0.15444 0.958721 -0.203189 -0.198917 0.749855 -0.0244879 -0.661149 0.742862 0.0142891 -0.669292 0.988448 -0.0035245 -0.151519 0.943005 -0.265559 -0.20055 0.596001 -0.0244695 -0.802611 0.587475 0.014277 -0.809116 0.988292 -0.00417121 -0.152519 0.92823 -0.316427 -0.195609 0.416115 -0.0245164 -0.908982 0.406414 0.0142276 -0.913579 0.987581 -0.00463071 -0.157044 0.916948 -0.353564 -0.184931 0.218064 -0.0245768 -0.975625 0.20759 0.0141943 -0.978113 0.250401 -5.7122e-08 -0.968142 0.984924 2.72177e-08 -0.172988 </float_array>
          <technique_common>
            <accessor count="254" offset="0" source="#meshId2-bitangents-array" stride="3">
              <param name="X" type="float" />
              <param name="Y" type="float" />
              <param name="Z" type="float" />
            </accessor>
          </technique_common>
        </source>
        <source id="meshId2-tex0" name="meshId2-tex0">
          <float_array id="meshId2-tex0-array" count="508"> 0.902886 0.0838059 0.905927 0.0838059 0.902884 0.138101 0.905928 0.138101 0.408132 0.851222 0.410804 0.849889 0.437538 0.897376 0.439875 0.895517 0.391857 0.799213 0.388966 0.79996 0.121737 0.542241 0.118699 0.542241 0.12174 0.487996 0.118698 0.487996 0.902884 0.192396 0.905929 0.192396 0.475897 0.936409 0.477797 0.934105 0.902885 0.246692 0.90593 0.246692 0.521533 0.966615 0.522912 0.963966 0.902885 0.300985 0.90593 0.300985 0.572452 0.986671 0.57325 0.983793 0.902885 0.355278 0.905929 0.355278 0.626428 0.995702 0.62661 0.992721 0.902883 0.409566 0.905927 0.409566 0.681103 0.993313 0.680661 0.99036 0.902879 0.46385 0.905923 0.46385 0.734086 0.97961 0.73304 0.976813 0.902874 0.518128 0.905918 0.518128 0.783062 0.95519 0.781457 0.952672 0.902868 0.566971 0.905911 0.566971 0.82589 0.921122 0.823797 0.918992 0.0549418 0.00429794 0.0580006 0.00429773 0.0549453 0.0533843 0.0580037 0.0533841 0.860699 0.878892 0.858209 0.877244 0.0549475 0.107916 0.0580053 0.107916 0.885968 0.830349 0.88319 0.829255 0.0549482 0.162437 0.0580053 0.162437 0.900592 0.777612 0.897647 0.777119 0.0549457 0.216946 0.0580022 0.216946 0.903931 0.722987 0.900948 0.723118 0.0549414 0.271443 0.0579974 0.271443 0.895841 0.668863 0.89295 0.66961 0.0549341 0.325924 0.0579891 0.325924 0.876674 0.617602 0.874001 0.618935 0.0549265 0.380393 0.0579809 0.380394 0.847269 0.571446 0.844932 0.573305 0.0549188 0.434849 0.0579726 0.43485 0.80891 0.532414 0.80701 0.534718 0.0549096 0.489296 0.0579627 0.489296 0.763275 0.50221 0.761896 0.504858 0.0549004 0.543732 0.0579529 0.543733 0.712355 0.482154 0.711557 0.485032 0.054892 0.592716 0.0579441 0.592716 0.658379 0.473123 0.658197 0.476104 0.118712 0.00509417 0.121756 0.00509417 0.118712 0.0539473 0.121755 0.0539473 0.603705 0.475511 0.604146 0.478464 0.118711 0.10822 0.121755 0.10822 0.550722 0.489214 0.551768 0.492011 0.11871 0.162487 0.121753 0.162487 0.501746 0.513634 0.503351 0.516153 0.118708 0.216747 0.121751 0.216747 0.458918 0.547703 0.461011 0.549833 0.118706 0.271003 0.121749 0.271003 0.424108 0.589933 0.426598 0.591581 0.118706 0.325255 0.121748 0.325255 0.39884 0.638476 0.401618 0.63957 0.118702 0.379504 0.121745 0.379504 0.384216 0.691212 0.387161 0.691705 0.118701 0.433751 0.121743 0.433751 0.380875 0.745836 0.383859 0.745705 0.0709814 0.542239 0.067943 0.542239 0.070987 0.487994 0.067945 0.487994 0.380221 0.527636 0.380327 0.524651 0.434818 0.523854 0.434301 0.520913 0.326757 0.517086 0.326032 0.519983 0.852084 0.083807 0.855125 0.083807 0.852085 0.138102 0.85513 0.138102 0.27593 0.498548 0.274619 0.501231 0.852086 0.192397 0.855131 0.192397 0.230068 0.469847 0.228228 0.472199 0.852087 0.246691 0.855132 0.246691 0.191175 0.432238 0.188886 0.434156 0.852088 0.300986 0.855133 0.300986 0.160951 0.387365 0.158313 0.388766 0.852091 0.355278 0.855136 0.355278 0.140719 0.337189 0.137848 0.338011 0.852092 0.409566 0.855137 0.409566 0.131359 0.283902 0.12838 0.284108 0.852095 0.463849 0.855139 0.463849 0.133284 0.229835 0.130327 0.229418 0.852096 0.518124 0.855139 0.518124 0.146408 0.177349 0.143603 0.176325 0.852097 0.566966 0.85514 0.566966 0.170157 0.128739 0.167625 0.127155 0.00391026 0.00430605 0.00696897 0.00430533 0.0039222 0.0533924 0.00698044 0.0533916 0.203494 0.0861268 0.201347 0.0840508 0.00393379 0.107921 0.00699161 0.107921 0.244962 0.0513788 0.243294 0.048902 0.00394548 0.16244 0.00700243 0.16244 0.292749 0.026011 0.291632 0.0232413 0.00395382 0.216948 0.00701022 0.216947 0.344764 0.0111337 0.344248 0.00819238 0.00396039 0.271442 0.00701623 0.271441 0.398737 0.00739629 0.398843 0.00441207 0.00396696 0.325922 0.00702187 0.325922 0.452307 0.0149617 0.453032 0.0120647 0.00397018 0.38039 0.00702451 0.38039 0.503135 0.0334999 0.504445 0.0308168 0.00397193 0.434847 0.00702568 0.434847 0.548997 0.0622001 0.550837 0.0598481 0.00397377 0.489293 0.00702683 0.489293 0.58789 0.0998084 0.590179 0.0978904 0.00397374 0.543727 0.0070262 0.543728 0.618112 0.144681 0.620749 0.143281 0.00397247 0.592711 0.00702455 0.592711 0.638346 0.194857 0.641217 0.194036 0.0679232 0.00509846 0.0709675 0.00509799 0.0679302 0.05395 0.0709739 0.0539496 0.647705 0.248143 0.650684 0.247937 0.0679363 0.108222 0.0709796 0.108221 0.645781 0.302211 0.648738 0.302629 0.0679409 0.162488 0.0709839 0.162488 0.632657 0.354698 0.635463 0.355722 0.0679438 0.216748 0.0709866 0.216748 0.608907 0.403309 0.611439 0.404893 0.0679468 0.271003 0.0709893 0.271002 0.575571 0.44592 0.577718 0.447996 0.0679479 0.325254 0.0709904 0.325254 0.534103 0.480668 0.535772 0.483144 0.0679492 0.379502 0.0709913 0.379502 0.486317 0.506036 0.487433 0.508805 0.0679471 0.433749 0.0709891 0.433749 0.642403 0.734412 0.389531 0.266023 </float_array>
          <technique_common>
            <accessor count="254" offset="0" source="#meshId2-tex0-array" stride="2">
              <param name="S" type="float" />
              <param name="T" type="float" />
            </accessor>
          </technique_common>
        </source>
        <source id="meshId2-tex1" name="meshId2-tex1">
          <float_array id="meshId2-tex1-array" count="508"> 0.902886 0.0838059 0.905927 0.0838059 0.902884 0.138101 0.905928 0.138101 0.408132 0.851222 0.410804 0.849889 0.437538 0.897376 0.439875 0.895517 0.391857 0.799213 0.388966 0.79996 0.121737 0.542241 0.118699 0.542241 0.12174 0.487996 0.118698 0.487996 0.902884 0.192396 0.905929 0.192396 0.475897 0.936409 0.477797 0.934105 0.902885 0.246692 0.90593 0.246692 0.521533 0.966615 0.522912 0.963966 0.902885 0.300985 0.90593 0.300985 0.572452 0.986671 0.57325 0.983793 0.902885 0.355278 0.905929 0.355278 0.626428 0.995702 0.62661 0.992721 0.902883 0.409566 0.905927 0.409566 0.681103 0.993313 0.680661 0.99036 0.902879 0.46385 0.905923 0.46385 0.734086 0.97961 0.73304 0.976813 0.902874 0.518128 0.905918 0.518128 0.783062 0.95519 0.781457 0.952672 0.902868 0.566971 0.905911 0.566971 0.82589 0.921122 0.823797 0.918992 0.0549418 0.00429794 0.0580006 0.00429773 0.0549453 0.0533843 0.0580037 0.0533841 0.860699 0.878892 0.858209 0.877244 0.0549475 0.107916 0.0580053 0.107916 0.885968 0.830349 0.88319 0.829255 0.0549482 0.162437 0.0580053 0.162437 0.900592 0.777612 0.897647 0.777119 0.0549457 0.216946 0.0580022 0.216946 0.903931 0.722987 0.900948 0.723118 0.0549414 0.271443 0.0579974 0.271443 0.895841 0.668863 0.89295 0.66961 0.0549341 0.325924 0.0579891 0.325924 0.876674 0.617602 0.874001 0.618935 0.0549265 0.380393 0.0579809 0.380394 0.847269 0.571446 0.844932 0.573305 0.0549188 0.434849 0.0579726 0.43485 0.80891 0.532414 0.80701 0.534718 0.0549096 0.489296 0.0579627 0.489296 0.763275 0.50221 0.761896 0.504858 0.0549004 0.543732 0.0579529 0.543733 0.712355 0.482154 0.711557 0.485032 0.054892 0.592716 0.0579441 0.592716 0.658379 0.473123 0.658197 0.476104 0.118712 0.00509417 0.121756 0.00509417 0.118712 0.0539473 0.121755 0.0539473 0.603705 0.475511 0.604146 0.478464 0.118711 0.10822 0.121755 0.10822 0.550722 0.489214 0.551768 0.492011 0.11871 0.162487 0.121753 0.162487 0.501746 0.513634 0.503351 0.516153 0.118708 0.216747 0.121751 0.216747 0.458918 0.547703 0.461011 0.549833 0.118706 0.271003 0.121749 0.271003 0.424108 0.589933 0.426598 0.591581 0.118706 0.325255 0.121748 0.325255 0.39884 0.638476 0.401618 0.63957 0.118702 0.379504 0.121745 0.379504 0.384216 0.691212 0.387161 0.691705 0.118701 0.433751 0.121743 0.433751 0.380875 0.745836 0.383859 0.745705 0.0709814 0.542239 0.067943 0.542239 0.070987 0.487994 0.067945 0.487994 0.380221 0.527636 0.380327 0.524651 0.434818 0.523854 0.434301 0.520913 0.326757 0.517086 0.326032 0.519983 0.852084 0.083807 0.855125 0.083807 0.852085 0.138102 0.85513 0.138102 0.27593 0.498548 0.274619 0.501231 0.852086 0.192397 0.855131 0.192397 0.230068 0.469847 0.228228 0.472199 0.852087 0.246691 0.855132 0.246691 0.191175 0.432238 0.188886 0.434156 0.852088 0.300986 0.855133 0.300986 0.160951 0.387365 0.158313 0.388766 0.852091 0.355278 0.855136 0.355278 0.140719 0.337189 0.137848 0.338011 0.852092 0.409566 0.855137 0.409566 0.131359 0.283902 0.12838 0.284108 0.852095 0.463849 0.855139 0.463849 0.133284 0.229835 0.130327 0.229418 0.852096 0.518124 0.855139 0.518124 0.146408 0.177349 0.143603 0.176325 0.852097 0.566966 0.85514 0.566966 0.170157 0.128739 0.167625 0.127155 0.00391026 0.00430605 0.00696897 0.00430533 0.0039222 0.0533924 0.00698044 0.0533916 0.203494 0.0861268 0.201347 0.0840508 0.00393379 0.107921 0.00699161 0.107921 0.244962 0.0513788 0.243294 0.048902 0.00394548 0.16244 0.00700243 0.16244 0.292749 0.026011 0.291632 0.0232413 0.00395382 0.216948 0.00701022 0.216947 0.344764 0.0111337 0.344248 0.00819238 0.00396039 0.271442 0.00701623 0.271441 0.398737 0.00739629 0.398843 0.00441207 0.00396696 0.325922 0.00702187 0.325922 0.452307 0.0149617 0.453032 0.0120647 0.00397018 0.38039 0.00702451 0.38039 0.503135 0.0334999 0.504445 0.0308168 0.00397193 0.434847 0.00702568 0.434847 0.548997 0.0622001 0.550837 0.0598481 0.00397377 0.489293 0.00702683 0.489293 0.58789 0.0998084 0.590179 0.0978904 0.00397374 0.543727 0.0070262 0.543728 0.618112 0.144681 0.620749 0.143281 0.00397247 0.592711 0.00702455 0.592711 0.638346 0.194857 0.641217 0.194036 0.0679232 0.00509846 0.0709675 0.00509799 0.0679302 0.05395 0.0709739 0.0539496 0.647705 0.248143 0.650684 0.247937 0.0679363 0.108222 0.0709796 0.108221 0.645781 0.302211 0.648738 0.302629 0.0679409 0.162488 0.0709839 0.162488 0.632657 0.354698 0.635463 0.355722 0.0679438 0.216748 0.0709866 0.216748 0.608907 0.403309 0.611439 0.404893 0.0679468 0.271003 0.0709893 0.271002 0.575571 0.44592 0.577718 0.447996 0.0679479 0.325254 0.0709904 0.325254 0.534103 0.480668 0.535772 0.483144 0.0679492 0.379502 0.0709913 0.379502 0.486317 0.506036 0.487433 0.508805 0.0679471 0.433749 0.0709891 0.433749 0.642403 0.734412 0.389531 0.266023 </float_array>
          <technique_common>
            <accessor count="254" offset="0" source="#meshId2-tex1-array" stride="2">
              <param name="S" type="float" />
              <param name="T" type="float" />
            </accessor>
          </technique_common>
        </source>
        <source id="meshId2-tex2" name="meshId2-tex2">
          <float_array id="meshId2-tex2-array" count="508"> 0 0 0 0 0 0 0 0 0 0 0 0 0 0 0 0 0 0 0 0 0 0 0 0 0 0 0 0 0 0 0 0 0 0 0 0 0 0 0 0 0 0 0 0 0 0 0 0 0 0 0 0 0 0 0 0 0 0 0 0 0 0 0 0 0 0 0 0 0 0 0 0 0 0 0 0 0 0 0 0 0 0 0 0 0 0 0 0 0 0 0 0 0 0 0 0 0 0 0 0 0 0 0 0 0 0 0 0 0 0 0 0 0 0 0 0 0 0 0 0 0 0 0 0 0 0 0 0 0 0 0 0 0 0 0 0 0 0 0 0 0 0 0 0 0 0 0 0 0 0 0 0 0 0 0 0 0 0 0 0 0 0 0 0 0 0 0 0 0 0 0 0 0 0 0 0 0 0 0 0 0 0 0 0 0 0 0 0 0 0 0 0 0 0 0 0 0 0 0 0 0 0 0 0 0 0 0 0 0 0 0 0 0 0 0 0 0 0 0 0 0 0 0 0 0 0 0 0 0 0 0 0 0 0 0 0 0 0 0 0 0 0 0 0 0 0 0 0 0 0 0 0 0 0 0 0 0 0 0 0 0 0 0 0 0 0 0 0 0 0 0 0 0 0 0 0 0 0 0 0 0 0 0 0 0 0 0 0 0 0 0 0 0 0 0 0 0 0 0 0 0 0 0 0 0 0 0 0 0 0 0 0 0 0 0 0 0 0 0 0 0 0 0 0 0 0 0 0 0 0 0 0 0 0 0 0 0 0 0 0 0 0 0 0 0 0 0 0 0 0 0 0 0 0 0 0 0 0 0 0 0 0 0 0 0 0 0 0 0 0 0 0 0 0 0 0 0 0 0 0 0 0 0 0 0 0 0 0 0 0 0 0 0 0 0 0 0 0 0 0 0 0 0 0 0 0 0 0 0 0 0 0 0 0 0 0 0 0 0 0 0 0 0 0 0 0 0 0 0 0 0 0 0 0 0 0 0 0 0 0 0 0 0 0 0 0 0 0 0 0 0 0 0 0 0 0 0 0 0 0 0 0 0 0 0 0 0 0 0 0 0 0 0 0 0 0 0 0 0 0 0 0 0 0 0 0 0 0 0 0 0 0 0 0 0 0 0 0 0 0 0 0 0 0 0 0 0 0 </float_array>
          <technique_common>
            <accessor count="254" offset="0" source="#meshId2-tex2-array" stride="2">
              <param name="S" type="float" />
              <param name="T" type="float" />
            </accessor>
          </technique_common>
        </source>
        <source id="meshId2-tex3" name="meshId2-tex3">
          <float_array id="meshId2-tex3-array" count="508"> 0 0 0 0 0 0 0 0 0 0 0 0 0 0 0 0 0 0 0 0 0 0 0 0 0 0 0 0 0 0 0 0 0 0 0 0 0 0 0 0 0 0 0 0 0 0 0 0 0 0 0 0 0 0 0 0 0 0 0 0 0 0 0 0 0 0 0 0 0 0 0 0 0 0 0 0 0 0 0 0 0 0 0 0 0 0 0 0 0 0 0 0 0 0 0 0 0 0 0 0 0 0 0 0 0 0 0 0 0 0 0 0 0 0 0 0 0 0 0 0 0 0 0 0 0 0 0 0 0 0 0 0 0 0 0 0 0 0 0 0 0 0 0 0 0 0 0 0 0 0 0 0 0 0 0 0 0 0 0 0 0 0 0 0 0 0 0 0 0 0 0 0 0 0 0 0 0 0 0 0 0 0 0 0 0 0 0 0 0 0 0 0 0 0 0 0 0 0 0 0 0 0 0 0 0 0 0 0 0 0 0 0 0 0 0 0 0 0 0 0 0 0 0 0 0 0 0 0 0 0 0 0 0 0 0 0 0 0 0 0 0 0 0 0 0 0 0 0 0 0 0 0 0 0 0 0 0 0 0 0 0 0 0 0 0 0 0 0 0 0 0 0 0 0 0 0 0 0 0 0 0 0 0 0 0 0 0 0 0 0 0 0 0 0 0 0 0 0 0 0 0 0 0 0 0 0 0 0 0 0 0 0 0 0 0 0 0 0 0 0 0 0 0 0 0 0 0 0 0 0 0 0 0 0 0 0 0 0 0 0 0 0 0 0 0 0 0 0 0 0 0 0 0 0 0 0 0 0 0 0 0 0 0 0 0 0 0 0 0 0 0 0 0 0 0 0 0 0 0 0 0 0 0 0 0 0 0 0 0 0 0 0 0 0 0 0 0 0 0 0 0 0 0 0 0 0 0 0 0 0 0 0 0 0 0 0 0 0 0 0 0 0 0 0 0 0 0 0 0 0 0 0 0 0 0 0 0 0 0 0 0 0 0 0 0 0 0 0 0 0 0 0 0 0 0 0 0 0 0 0 0 0 0 0 0 0 0 0 0 0 0 0 0 0 0 0 0 0 0 0 0 0 0 0 0 0 0 0 0 0 0 0 0 0 0 0 0 0 0 0 0 0 0 0 0 0 0 0 </float_array>
          <technique_common>
            <accessor count="254" offset="0" source="#meshId2-tex3-array" stride="2">
              <param name="S" type="float" />
              <param name="T" type="float" />
            </accessor>
          </technique_common>
        </source>
        <vertices id="meshId2-vertices">
          <input semantic="POSITION" source="#meshId2-positions" />
        </vertices>
        <polylist count="360" material="defaultMaterial">
          <input offset="0" semantic="VERTEX" source="#meshId2-vertices" />
          <input offset="0" semantic="NORMAL" source="#meshId2-normals" />
          <input offset="0" semantic="TANGENT" source="#meshId2-tangents" />
          <input offset="0" semantic="BINORMAL" source="#meshId2-bitangents" />
          <input offset="0" semantic="TEXCOORD" source="#meshId2-tex0" set="0" />
          <input offset="0" semantic="TEXCOORD" source="#meshId2-tex1" set="1" />
          <input offset="0" semantic="TEXCOORD" source="#meshId2-tex2" set="2" />
          <input offset="0" semantic="TEXCOORD" source="#meshId2-tex3" set="3" />
          <vcount>3 3 3 3 3 3 3 3 3 3 3 3 3 3 3 3 3 3 3 3 3 3 3 3 3 3 3 3 3 3 3 3 3 3 3 3 3 3 3 3 3 3 3 3 3 3 3 3 3 3 3 3 3 3 3 3 3 3 3 3 3 3 3 3 3 3 3 3 3 3 3 3 3 3 3 3 3 3 3 3 3 3 3 3 3 3 3 3 3 3 3 3 3 3 3 3 3 3 3 3 3 3 3 3 3 3 3 3 3 3 3 3 3 3 3 3 3 3 3 3 3 3 3 3 3 3 3 3 3 3 3 3 3 3 3 3 3 3 3 3 3 3 3 3 3 3 3 3 3 3 3 3 3 3 3 3 3 3 3 3 3 3 3 3 3 3 3 3 3 3 3 3 3 3 3 3 3 3 3 3 3 3 3 3 3 3 3 3 3 3 3 3 3 3 3 3 3 3 3 3 3 3 3 3 3 3 3 3 3 3 3 3 3 3 3 3 3 3 3 3 3 3 3 3 3 3 3 3 3 3 3 3 3 3 3 3 3 3 3 3 3 3 3 3 3 3 3 3 3 3 3 3 3 3 3 3 3 3 3 3 3 3 3 3 3 3 3 3 3 3 3 3 3 3 3 3 3 3 3 3 3 3 3 3 3 3 3 3 3 3 3 3 3 3 3 3 3 3 3 3 3 3 3 3 3 3 3 3 3 3 3 3 3 3 3 3 3 3 3 3 3 3 3 3 3 3 3 3 3 3 3 3 3 3 3 3 3 3 3 3 3 3 3 3 3 3 3 3 3 3 3 3 3 3 3 3 3 3 3 3 </vcount>
          <p>0 1 2 2 1 3 4 5 6 6 5 7 5 4 8 8 4 9 10 11 12 12 11 13 2 3 14 14 3 15 6 7 16 16 7 17 14 15 18 18 15 19 16 17 20 20 17 21 18 19 22 22 19 23 20 21 24 24 21 25 22 23 26 26 23 27 24 25 28 28 25 29 26 27 30 30 27 31 28 29 32 32 29 33 30 31 34 34 31 35 32 33 36 36 33 37 34 35 38 38 35 39 36 37 40 40 37 41 38 39 42 42 39 43 40 41 44 44 41 45 46 47 48 48 47 49 44 45 50 50 45 51 48 49 52 52 49 53 50 51 54 54 51 55 52 53 56 56 53 57 54 55 58 58 55 59 56 57 60 60 57 61 58 59 62 62 59 63 60 61 64 64 61 65 62 63 66 66 63 67 64 65 68 68 65 69 66 67 70 70 67 71 68 69 72 72 69 73 70 71 74 74 71 75 72 73 76 76 73 77 74 75 78 78 75 79 76 77 80 80 77 81 78 79 82 82 79 83 80 81 84 84 81 85 82 83 86 86 83 87 84 85 88 88 85 89 86 87 90 90 87 91 92 93 94 94 93 95 90 91 96 96 91 97 94 95 98 98 95 99 96 97 100 100 97 101 98 99 102 102 99 103 100 101 104 104 101 105 102 103 106 106 103 107 104 105 108 108 105 109 106 107 110 110 107 111 108 109 112 112 109 113 110 111 114 114 111 115 112 113 116 116 113 117 114 115 118 118 115 119 116 117 120 120 117 121 118 119 122 122 119 123 120 121 124 124 121 125 122 123 13 13 123 12 124 125 9 9 125 8 126 127 128 128 127 129 130 131 132 132 131 133 131 130 134 134 130 135 136 137 138 138 137 139 134 135 140 140 135 141 138 139 142 142 139 143 140 141 144 144 141 145 142 143 146 146 143 147 144 145 148 148 145 149 146 147 150 150 147 151 148 149 152 152 149 153 150 151 154 154 151 155 152 153 156 156 153 157 154 155 158 158 155 159 156 157 160 160 157 161 158 159 162 162 159 163 160 161 164 164 161 165 162 163 166 166 163 167 164 165 168 168 165 169 166 167 170 170 167 171 168 169 172 172 169 173 174 175 176 176 175 177 172 173 178 178 173 179 176 177 180 180 177 181 178 179 182 182 179 183 180 181 184 184 181 185 182 183 186 186 183 187 184 185 188 188 185 189 186 187 190 190 187 191 188 189 192 192 189 193 190 191 194 194 191 195 192 193 196 196 193 197 194 195 198 198 195 199 196 197 200 200 197 201 198 199 202 202 199 203 200 201 204 204 201 205 202 203 206 206 203 207 204 205 208 208 205 209 206 207 210 210 207 211 208 209 212 212 209 213 210 211 214 214 211 215 212 213 216 216 213 217 214 215 218 218 215 219 220 221 222 222 221 223 218 219 224 224 219 225 222 223 226 226 223 227 224 225 228 228 225 229 226 227 230 230 227 231 228 229 232 232 229 233 230 231 234 234 231 235 232 233 236 236 233 237 234 235 238 238 235 239 236 237 240 240 237 241 238 239 242 242 239 243 240 241 244 244 241 245 242 243 246 246 243 247 244 245 248 248 245 249 246 247 250 250 247 251 248 249 133 133 249 132 250 251 129 129 251 128 0 2 137 137 2 139 2 14 139 139 14 143 14 18 143 143 18 147 18 22 147 147 22 151 22 26 151 151 26 155 26 30 155 155 30 159 30 34 159 159 34 163 34 38 163 163 38 167 38 42 167 167 42 171 46 48 175 175 48 177 48 52 177 177 52 181 52 56 181 181 56 185 56 60 185 185 60 189 60 64 189 189 64 193 64 68 193 193 68 197 68 72 197 197 72 201 72 76 201 201 76 205 76 80 205 205 80 209 80 84 209 209 84 213 84 88 213 213 88 217 92 94 221 221 94 223 94 98 223 223 98 227 98 102 227 227 102 231 102 106 231 231 106 235 106 110 235 235 110 239 110 114 239 239 114 243 114 118 243 243 118 247 118 122 247 247 122 251 122 13 251 251 13 128 13 11 128 128 11 126 7 5 252 17 7 252 21 17 252 25 21 252 29 25 252 33 29 252 37 33 252 41 37 252 45 41 252 51 45 252 55 51 252 59 55 252 63 59 252 67 63 252 71 67 252 75 71 252 79 75 252 83 79 252 87 83 252 91 87 252 97 91 252 101 97 252 105 101 252 109 105 252 113 109 252 117 113 252 121 117 252 125 121 252 8 125 252 5 8 252 131 134 253 134 140 253 140 144 253 144 148 253 148 152 253 152 156 253 156 160 253 160 164 253 164 168 253 168 172 253 172 178 253 178 182 253 182 186 253 186 190 253 190 194 253 194 198 253 198 202 253 202 206 253 206 210 253 210 214 253 214 218 253 218 224 253 224 228 253 228 232 253 232 236 253 236 240 253 240 244 253 244 248 253 248 133 253 133 131 253 </p>
        </polylist>
      </mesh>
    </geometry>
  </library_geometries>
  <library_visual_scenes>
    <visual_scene id="root" name="root">
      <node id="polySurface1" name="polySurface1">
        <matrix>1 0 0 0 0 1 0 0 0 0 1 0 0 0 0 1</matrix>
        <instance_geometry url="#meshId0">
          <bind_material>
            <technique_common>
              <instance_material symbol="defaultMaterial" target="#Stool_legs" />
            </technique_common>
          </bind_material>
        </instance_geometry>
      </node>
      <node id="polySurface1" name="polySurface1">
        <matrix>1 0 0 0 0 1 0 0 0 0 1 0 0 0 0 1</matrix>
        <instance_geometry url="#meshId1">
          <bind_material>
            <technique_common>
              <instance_material symbol="defaultMaterial" target="#Stool_supports" />
            </technique_common>
          </bind_material>
        </instance_geometry>
      </node>
      <node id="polySurface1" name="polySurface1">
        <matrix>1 0 0 0 0 1 0 0 0 0 1 0 0 0 0 1</matrix>
        <instance_geometry url="#meshId2">
          <bind_material>
            <technique_common>
              <instance_material symbol="defaultMaterial" target="#Stool_top" />
            </technique_common>
          </bind_material>
        </instance_geometry>
      </node>
    </visual_scene>
  </library_visual_scenes>
  <scene>
    <instance_visual_scene url="#root" />
  </scene>
</COLLADA>
